Sample,Date,Monthly Mean Total Sunspot Number
0,1749-01-31,96.7
1,1749-02-28,104.3
2,1749-03-31,116.7
3,1749-04-30,92.8
4,1749-05-31,141.7
5,1749-06-30,139.2
6,1749-07-31,158
7,1749-08-31,110.5
8,1749-09-30,126.5
9,1749-10-31,125.8
10,1749-11-30,264.3
11,1749-12-31,142
12,1750-01-31,122.2
13,1750-02-28,126.5
14,1750-03-31,148.7
15,1750-04-30,147.2
16,1750-05-31,150
17,1750-06-30,166.7
18,1750-07-31,142.3
19,1750-08-31,171.7
20,1750-09-30,152
21,1750-10-31,109.5
22,1750-11-30,105.5
23,1750-12-31,125.7
24,1751-01-31,116.7
25,1751-02-28,72.5
26,1751-03-31,75.5
27,1751-04-30,94
28,1751-05-31,101.2
29,1751-06-30,84.5
30,1751-07-31,110.5
31,1751-08-31,99.7
32,1751-09-30,39.2
33,1751-10-31,38.7
34,1751-11-30,47.5
35,1751-12-31,73.3
36,1752-01-31,58.3
37,1752-02-29,83.3
38,1752-03-31,118.3
39,1752-04-30,98.8
40,1752-05-31,99.5
41,1752-06-30,66
42,1752-07-31,130.7
43,1752-08-31,48.8
44,1752-09-30,45.2
45,1752-10-31,77.7
46,1752-11-30,62.7
47,1752-12-31,66.7
48,1753-01-31,73.3
49,1753-02-28,53.3
50,1753-03-31,76.2
51,1753-04-30,63.3
52,1753-05-31,60
53,1753-06-30,52.8
54,1753-07-31,36.7
55,1753-08-31,65
56,1753-09-30,46.7
57,1753-10-31,41.7
58,1753-11-30,33.3
59,1753-12-31,11.2
60,1754-01-31,0
61,1754-02-28,5
62,1754-03-31,2.8
63,1754-04-30,22.8
64,1754-05-31,34.5
65,1754-06-30,44.5
66,1754-07-31,31.3
67,1754-08-31,20.5
68,1754-09-30,13.7
69,1754-10-31,40.2
70,1754-11-30,22
71,1754-12-31,7
72,1755-01-31,17
73,1755-02-28,18.7
74,1755-03-31,11.3
75,1755-04-30,10.8
76,1755-05-31,0
77,1755-06-30,0
78,1755-07-31,14.3
79,1755-08-31,5.3
80,1755-09-30,29.7
81,1755-10-31,39.5
82,1755-11-30,11.3
83,1755-12-31,33.3
84,1756-01-31,20.8
85,1756-02-29,11.8
86,1756-03-31,9
87,1756-04-30,15.7
88,1756-05-31,20.8
89,1756-06-30,21.5
90,1756-07-31,6
91,1756-08-31,10.7
92,1756-09-30,19.7
93,1756-10-31,23.8
94,1756-11-30,28.3
95,1756-12-31,15.7
96,1757-01-31,23.5
97,1757-02-28,35.3
98,1757-03-31,43.7
99,1757-04-30,50
100,1757-05-31,63.5
101,1757-06-30,21.3
102,1757-07-31,41.7
103,1757-08-31,85.5
104,1757-09-30,66.2
105,1757-10-31,54.2
106,1757-11-30,107.8
107,1757-12-31,55.8
108,1758-01-31,62.7
109,1758-02-28,86.7
110,1758-03-31,81.7
111,1758-04-30,120.5
112,1758-05-31,77.3
113,1758-06-30,75
114,1758-07-31,73.3
115,1758-08-31,64.5
116,1758-09-30,104.2
117,1758-10-31,62.8
118,1758-11-30,71.7
119,1758-12-31,71.7
120,1759-01-31,80.5
121,1759-02-28,73.3
122,1759-03-31,78
123,1759-04-30,78.3
124,1759-05-31,81.7
125,1759-06-30,83.3
126,1759-07-31,85
127,1759-08-31,118.8
128,1759-09-30,128.7
129,1759-10-31,99.5
130,1759-11-30,77.2
131,1759-12-31,95
132,1760-01-31,112.2
133,1760-02-29,99.2
134,1760-03-31,124.5
135,1760-04-30,97.2
136,1760-05-31,120
137,1760-06-30,80.5
138,1760-07-31,110
139,1760-08-31,126
140,1760-09-30,102.2
141,1760-10-31,84.3
142,1760-11-30,99.5
143,1760-12-31,101.7
144,1761-01-31,116.7
145,1761-02-28,151.7
146,1761-03-31,134.5
147,1761-04-30,119.5
148,1761-05-31,178.7
149,1761-06-30,165.5
150,1761-07-31,156.8
151,1761-08-31,151.8
152,1761-09-30,167.8
153,1761-10-31,147.8
154,1761-11-30,149.5
155,1761-12-31,76.7
156,1762-01-31,73
157,1762-02-28,121.3
158,1762-03-31,76.2
159,1762-04-30,100.3
160,1762-05-31,66.5
161,1762-06-30,128.5
162,1762-07-31,56.3
163,1762-08-31,112.8
164,1762-09-30,114.2
165,1762-10-31,115.5
166,1762-11-30,129.7
167,1762-12-31,128.7
168,1763-01-31,94.2
169,1763-02-28,53.2
170,1763-03-31,57
171,1763-04-30,54.8
172,1763-05-31,54.5
173,1763-06-30,59.7
174,1763-07-31,90.3
175,1763-08-31,44.2
176,1763-09-30,113.5
177,1763-10-31,77.2
178,1763-11-30,101.5
179,1763-12-31,102.3
180,1764-01-31,99.5
181,1764-02-29,99.5
182,1764-03-31,67
183,1764-04-30,57.3
184,1764-05-31,73.8
185,1764-06-30,50
186,1764-07-31,50
187,1764-08-31,50
188,1764-09-30,47
189,1764-10-31,46.7
190,1764-11-30,43.3
191,1764-12-31,42.8
192,1765-01-31,40
193,1765-02-28,43.3
194,1765-03-31,41.7
195,1765-04-30,36.7
196,1765-05-31,33.7
197,1765-06-30,33.3
198,1765-07-31,45
199,1765-08-31,49.5
200,1765-09-30,26.7
201,1765-10-31,23.3
202,1765-11-30,23.3
203,1765-12-31,21.7
204,1766-01-31,20
205,1766-02-28,18.3
206,1766-03-31,61
207,1766-04-30,10
208,1766-05-31,44.7
209,1766-06-30,5
210,1766-07-31,5.5
211,1766-08-31,6.7
212,1766-09-30,7.2
213,1766-10-31,8.3
214,1766-11-30,9.5
215,1766-12-31,32
216,1767-01-31,45.7
217,1767-02-28,50
218,1767-03-31,71.7
219,1767-04-30,54.8
220,1767-05-31,49.7
221,1767-06-30,55.5
222,1767-07-31,36.5
223,1767-08-31,68
224,1767-09-30,71.2
225,1767-10-31,73.5
226,1767-11-30,91.2
227,1767-12-31,88.8
228,1768-01-31,89.2
229,1768-02-29,110.2
230,1768-03-31,77.2
231,1768-04-30,71.2
232,1768-05-31,129.5
233,1768-06-30,129
234,1768-07-31,87.7
235,1768-08-31,111.3
236,1768-09-30,124.7
237,1768-10-31,129.7
238,1768-11-30,151
239,1768-12-31,186.3
240,1769-01-31,123.2
241,1769-02-28,107
242,1769-03-31,107.2
243,1769-04-30,161.2
244,1769-05-31,122.7
245,1769-06-30,157.3
246,1769-07-31,197.7
247,1769-08-31,200.5
248,1769-09-30,248
249,1769-10-31,263.7
250,1769-11-30,246.8
251,1769-12-31,186.7
252,1770-01-31,173.3
253,1770-02-28,237.5
254,1770-03-31,133.5
255,1770-04-30,85
256,1770-05-31,116.8
257,1770-06-30,138.8
258,1770-07-31,183
259,1770-08-31,210.5
260,1770-09-30,174
261,1770-10-31,172.7
262,1770-11-30,220.3
263,1770-12-31,170.5
264,1771-01-31,60
265,1771-02-28,77
266,1771-03-31,77.8
267,1771-04-30,108.2
268,1771-05-31,254.5
269,1771-06-30,199.2
270,1771-07-31,112.8
271,1771-08-31,97.5
272,1771-09-30,169
273,1771-10-31,150
274,1771-11-30,166.2
275,1771-12-31,159.5
276,1772-01-31,168.2
277,1772-02-29,151.3
278,1772-03-31,51.8
279,1772-04-30,153.7
280,1772-05-31,63.3
281,1772-06-30,95
282,1772-07-31,128.8
283,1772-08-31,93.7
284,1772-09-30,84.2
285,1772-10-31,131
286,1772-11-30,102.2
287,1772-12-31,106.7
288,1773-01-31,91
289,1773-02-28,48.3
290,1773-03-31,85.3
291,1773-04-30,54.8
292,1773-05-31,68.5
293,1773-06-30,47.3
294,1773-07-31,46.2
295,1773-08-31,21.2
296,1773-09-30,48.8
297,1773-10-31,43.8
298,1773-11-30,68.2
299,1773-12-31,72
300,1774-01-31,78
301,1774-02-28,109
302,1774-03-31,92.8
303,1774-04-30,73
304,1774-05-31,85.5
305,1774-06-30,47.5
306,1774-07-31,29.2
307,1774-08-31,11
308,1774-09-30,13.2
309,1774-10-31,23.3
310,1774-11-30,29.5
311,1774-12-31,20.3
312,1775-01-31,7.3
313,1775-02-28,0
314,1775-03-31,19.3
315,1775-04-30,18.7
316,1775-05-31,6.5
317,1775-06-30,20.5
318,1775-07-31,1.7
319,1775-08-31,13.2
320,1775-09-30,5.3
321,1775-10-31,9.3
322,1775-11-30,25.2
323,1775-12-31,13.2
324,1776-01-31,36.2
325,1776-02-29,19.3
326,1776-03-31,10.5
327,1776-04-30,36.3
328,1776-05-31,18.7
329,1776-06-30,31.7
330,1776-07-31,1.7
331,1776-08-31,40.3
332,1776-09-30,26.7
333,1776-10-31,50
334,1776-11-30,58.3
335,1776-12-31,66.7
336,1777-01-31,75
337,1777-02-28,60.8
338,1777-03-31,65
339,1777-04-30,159.2
340,1777-05-31,133.8
341,1777-06-30,134.5
342,1777-07-31,158.3
343,1777-08-31,186.7
344,1777-09-30,193.7
345,1777-10-31,177.5
346,1777-11-30,243.3
347,1777-12-31,262.2
348,1778-01-31,295.5
349,1778-02-28,182.2
350,1778-03-31,223.3
351,1778-04-30,241.7
352,1778-05-31,398.2
353,1778-06-30,286
354,1778-07-31,255
355,1778-08-31,233.3
356,1778-09-30,286.2
357,1778-10-31,260.5
358,1778-11-30,250.5
359,1778-12-31,175
360,1779-01-31,191.2
361,1779-02-28,276.2
362,1779-03-31,196.7
363,1779-04-30,241.7
364,1779-05-31,233.3
365,1779-06-30,189.5
366,1779-07-31,238.3
367,1779-08-31,186.7
368,1779-09-30,185
369,1779-10-31,206.7
370,1779-11-30,190
371,1779-12-31,183.3
372,1780-01-31,116.7
373,1780-02-29,163.3
374,1780-03-31,163.3
375,1780-04-30,158.3
376,1780-05-31,178.7
377,1780-06-30,146.7
378,1780-07-31,143.3
379,1780-08-31,143.3
380,1780-09-30,156.2
381,1780-10-31,128.3
382,1780-11-30,100
383,1780-12-31,97.8
384,1781-01-31,164.5
385,1781-02-28,124.5
386,1781-03-31,88.3
387,1781-04-30,113.8
388,1781-05-31,174.5
389,1781-06-30,162.8
390,1781-07-31,122.5
391,1781-08-31,110
392,1781-09-30,85
393,1781-10-31,45.5
394,1781-11-30,111.7
395,1781-12-31,58.7
396,1782-01-31,90
397,1782-02-28,62.5
398,1782-03-31,61.7
399,1782-04-30,68.3
400,1782-05-31,90.5
401,1782-06-30,63.3
402,1782-07-31,61.7
403,1782-08-31,73.3
404,1782-09-30,56.7
405,1782-10-31,38.7
406,1782-11-30,52.5
407,1782-12-31,50
408,1783-01-31,46.7
409,1783-02-28,64.5
410,1783-03-31,44.5
411,1783-04-30,47.2
412,1783-05-31,38.3
413,1783-06-30,42
414,1783-07-31,53.7
415,1783-08-31,33.3
416,1783-09-30,30
417,1783-10-31,13.3
418,1783-11-30,25
419,1783-12-31,17.5
420,1784-01-31,21.7
421,1784-02-29,13.3
422,1784-03-31,18.3
423,1784-04-30,16.7
424,1784-05-31,10
425,1784-06-30,15
426,1784-07-31,10
427,1784-08-31,16.7
428,1784-09-30,16.7
429,1784-10-31,13.3
430,1784-11-30,28.3
431,1784-12-31,23.3
432,1785-01-31,10.8
433,1785-02-28,13.3
434,1785-03-31,15
435,1785-04-30,26.2
436,1785-05-31,34.5
437,1785-06-30,43.8
438,1785-07-31,60.5
439,1785-08-31,33.3
440,1785-09-30,53.3
441,1785-10-31,78.7
442,1785-11-30,67
443,1785-12-31,45.5
444,1786-01-31,62
445,1786-02-28,79.3
446,1786-03-31,79.5
447,1786-04-30,142.3
448,1786-05-31,153.8
449,1786-06-30,98.3
450,1786-07-31,138.3
451,1786-08-31,149.5
452,1786-09-30,185.8
453,1786-10-31,187.2
454,1786-11-30,193.3
455,1786-12-31,187.8
456,1787-01-31,224.5
457,1787-02-28,176.7
458,1787-03-31,145.7
459,1787-04-30,212
460,1787-05-31,224.7
461,1787-06-30,165.3
462,1787-07-31,213.3
463,1787-08-31,228.7
464,1787-09-30,262.2
465,1787-10-31,261.7
466,1787-11-30,235.8
467,1787-12-31,290
468,1788-01-31,230
469,1788-02-29,215.3
470,1788-03-31,238.8
471,1788-04-30,180.8
472,1788-05-31,188.3
473,1788-06-30,257
474,1788-07-31,235.8
475,1788-08-31,226.7
476,1788-09-30,235
477,1788-10-31,236.7
478,1788-11-30,157.8
479,1788-12-31,215.8
480,1789-01-31,190
481,1789-02-28,208.8
482,1789-03-31,200
483,1789-04-30,205.5
484,1789-05-31,205.8
485,1789-06-30,200
486,1789-07-31,195
487,1789-08-31,171.7
488,1789-09-30,186.7
489,1789-10-31,149.5
490,1789-11-30,223.3
491,1789-12-31,225.8
492,1790-01-31,171.7
493,1790-02-28,212.5
494,1790-03-31,160.5
495,1790-04-30,156.7
496,1790-05-31,155
497,1790-06-30,151.7
498,1790-07-31,115.5
499,1790-08-31,145
500,1790-09-30,128.8
501,1790-10-31,140.5
502,1790-11-30,136.7
503,1790-12-31,123.3
504,1791-01-31,121.2
505,1791-02-28,103.3
506,1791-03-31,123.3
507,1791-04-30,128.7
508,1791-05-31,122.8
509,1791-06-30,107
510,1791-07-31,118.3
511,1791-08-31,71.7
512,1791-09-30,110.8
513,1791-10-31,102.8
514,1791-11-30,111.7
515,1791-12-31,110
516,1792-01-31,96.7
517,1792-02-29,106.7
518,1792-03-31,105
519,1792-04-30,126.2
520,1792-05-31,103.3
521,1792-06-30,101.7
522,1792-07-31,76.3
523,1792-08-31,100
524,1792-09-30,98.3
525,1792-10-31,98.3
526,1792-11-30,95
527,1792-12-31,93.3
528,1793-01-31,93.3
529,1793-02-28,91.7
530,1793-03-31,92.5
531,1793-04-30,88.3
532,1793-05-31,87.2
533,1793-06-30,85
534,1793-07-31,83.3
535,1793-08-31,48.8
536,1793-09-30,40
537,1793-10-31,78.3
538,1793-11-30,73.3
539,1793-12-31,76.2
540,1794-01-31,75
541,1794-02-28,73.3
542,1794-03-31,63.3
543,1794-04-30,47.3
544,1794-05-31,92.8
545,1794-06-30,69.2
546,1794-07-31,68.3
547,1794-08-31,66.7
548,1794-09-30,18.5
549,1794-10-31,47.5
550,1794-11-30,112.3
551,1794-12-31,85.7
552,1795-01-31,35.7
553,1795-02-28,66.5
554,1795-03-31,21
555,1795-04-30,31
556,1795-05-31,51.7
557,1795-06-30,28.5
558,1795-07-31,21.5
559,1795-08-31,42.8
560,1795-09-30,22.5
561,1795-10-31,32.5
562,1795-11-30,41.7
563,1795-12-31,30
564,1796-01-31,36.7
565,1796-02-29,39.7
566,1796-03-31,26.2
567,1796-04-30,52.8
568,1796-05-31,35
569,1796-06-30,11.2
570,1796-07-31,44.8
571,1796-08-31,2.5
572,1796-09-30,30.7
573,1796-10-31,18.3
574,1796-11-30,14
575,1796-12-31,8.5
576,1797-01-31,24
577,1797-02-28,7
578,1797-03-31,6.7
579,1797-04-30,6.7
580,1797-05-31,12.2
581,1797-06-30,18.5
582,1797-07-31,7.2
583,1797-08-31,10
584,1797-09-30,9.5
585,1797-10-31,11.5
586,1797-11-30,9.7
587,1797-12-31,5
588,1798-01-31,3.3
589,1798-02-28,6.7
590,1798-03-31,20.7
591,1798-04-30,1.8
592,1798-05-31,0
593,1798-06-30,0
594,1798-07-31,0
595,1798-08-31,5
596,1798-09-30,4
597,1798-10-31,2.5
598,1798-11-30,20.8
599,1798-12-31,16.5
600,1799-01-31,2.7
601,1799-02-28,21
602,1799-03-31,36.2
603,1799-04-30,14
604,1799-05-31,13.7
605,1799-06-30,17.7
606,1799-07-31,3.5
607,1799-08-31,0
608,1799-09-30,0
609,1799-10-31,7.7
610,1799-11-30,4.5
611,1799-12-31,14.3
612,1800-01-31,11.5
613,1800-02-28,15.5
614,1800-03-31,23.2
615,1800-04-30,0
616,1800-05-31,8.3
617,1800-06-30,39.5
618,1800-07-31,35
619,1800-08-31,32.5
620,1800-09-30,19.2
621,1800-10-31,20.5
622,1800-11-30,17.5
623,1800-12-31,66.8
624,1801-01-31,45
625,1801-02-28,48.3
626,1801-03-31,50
627,1801-04-30,51.7
628,1801-05-31,53.3
629,1801-06-30,52
630,1801-07-31,58.3
631,1801-08-31,64.5
632,1801-09-30,55.8
633,1801-10-31,54.3
634,1801-11-30,66.3
635,1801-12-31,80.3
636,1802-01-31,79.7
637,1802-02-28,78.3
638,1802-03-31,68
639,1802-04-30,70
640,1802-05-31,73.3
641,1802-06-30,76.7
642,1802-07-31,80
643,1802-08-31,83.3
644,1802-09-30,86.3
645,1802-10-31,64.2
646,1802-11-30,57.5
647,1802-12-31,83.3
648,1803-01-31,83.3
649,1803-02-28,84.7
650,1803-03-31,49.2
651,1803-04-30,41.7
652,1803-05-31,73.8
653,1803-06-30,60
654,1803-07-31,80.5
655,1803-08-31,56.8
656,1803-09-30,75.5
657,1803-10-31,90.5
658,1803-11-30,85
659,1803-12-31,80
660,1804-01-31,75.5
661,1804-02-29,80.5
662,1804-03-31,80
663,1804-04-30,84.3
664,1804-05-31,55.7
665,1804-06-30,58
666,1804-07-31,49.7
667,1804-08-31,71.8
668,1804-09-30,88.3
669,1804-10-31,103.8
670,1804-11-30,101.7
671,1804-12-31,100
672,1805-01-31,101.7
673,1805-02-28,73.5
674,1805-03-31,85.7
675,1805-04-30,62.5
676,1805-05-31,65
677,1805-06-30,67.5
678,1805-07-31,62.7
679,1805-08-31,71.2
680,1805-09-30,74
681,1805-10-31,49
682,1805-11-30,68.3
683,1805-12-31,63.8
684,1806-01-31,65
685,1806-02-28,49.3
686,1806-03-31,54.5
687,1806-04-30,46.2
688,1806-05-31,44
689,1806-06-30,42.7
690,1806-07-31,50
691,1806-08-31,43.8
692,1806-09-30,40
693,1806-10-31,45
694,1806-11-30,41.7
695,1806-12-31,40
696,1807-01-31,20
697,1807-02-28,20.3
698,1807-03-31,16
699,1807-04-30,39.7
700,1807-05-31,16.7
701,1807-06-30,20
702,1807-07-31,21.2
703,1807-08-31,20
704,1807-09-30,9.5
705,1807-10-31,13.3
706,1807-11-30,4.3
707,1807-12-31,0
708,1808-01-31,0
709,1808-02-29,7.5
710,1808-03-31,0
711,1808-04-30,20.5
712,1808-05-31,22.5
713,1808-06-30,22.5
714,1808-07-31,11.2
715,1808-08-31,13.3
716,1808-09-30,19.5
717,1808-10-31,7.8
718,1808-11-30,17.5
719,1808-12-31,20.5
720,1809-01-31,12
721,1809-02-28,15.3
722,1809-03-31,1.5
723,1809-04-30,4.2
724,1809-05-31,3.3
725,1809-06-30,12.8
726,1809-07-31,0.5
727,1809-08-31,0.3
728,1809-09-30,0.7
729,1809-10-31,0
730,1809-11-30,0
731,1809-12-31,0
732,1810-01-31,0
733,1810-02-28,0
734,1810-03-31,0
735,1810-04-30,0
736,1810-05-31,0
737,1810-06-30,0
738,1810-07-31,0
739,1810-08-31,0
740,1810-09-30,0
741,1810-10-31,0
742,1810-11-30,0
743,1810-12-31,0
744,1811-01-31,0
745,1811-02-28,0
746,1811-03-31,0
747,1811-04-30,0
748,1811-05-31,0
749,1811-06-30,0
750,1811-07-31,11
751,1811-08-31,0
752,1811-09-30,4
753,1811-10-31,10.2
754,1811-11-30,1.3
755,1811-12-31,1.8
756,1812-01-31,18.8
757,1812-02-29,3.2
758,1812-03-31,1.2
759,1812-04-30,0
760,1812-05-31,1.7
761,1812-06-30,2.2
762,1812-07-31,0.8
763,1812-08-31,26
764,1812-09-30,8.7
765,1812-10-31,6.5
766,1812-11-30,13.2
767,1812-12-31,16.8
768,1813-01-31,0
769,1813-02-28,17.2
770,1813-03-31,3.2
771,1813-04-30,27.7
772,1813-05-31,9.2
773,1813-06-30,18.7
774,1813-07-31,30.5
775,1813-08-31,14
776,1813-09-30,25.5
777,1813-10-31,46.3
778,1813-11-30,27.8
779,1813-12-31,23.8
780,1814-01-31,37
781,1814-02-28,20
782,1814-03-31,9.5
783,1814-04-30,39.7
784,1814-05-31,9.7
785,1814-06-30,24.8
786,1814-07-31,30.8
787,1814-08-31,3.8
788,1814-09-30,13.5
789,1814-10-31,32.2
790,1814-11-30,24.2
791,1814-12-31,33.5
792,1815-01-31,32
793,1815-02-28,53.7
794,1815-03-31,43.7
795,1815-04-30,52.7
796,1815-05-31,16.3
797,1815-06-30,93.2
798,1815-07-31,59.2
799,1815-08-31,78.7
800,1815-09-30,52.5
801,1815-10-31,55.8
802,1815-11-30,62
803,1815-12-31,108.3
804,1816-01-31,43.8
805,1816-02-29,114.7
806,1816-03-31,122.8
807,1816-04-30,98
808,1816-05-31,73.8
809,1816-06-30,72.7
810,1816-07-31,64.7
811,1816-08-31,38.7
812,1816-09-30,79.7
813,1816-10-31,94
814,1816-11-30,63.5
815,1816-12-31,49.8
816,1817-01-31,60.7
817,1817-02-28,96.5
818,1817-03-31,160.3
819,1817-04-30,44
820,1817-05-31,35.3
821,1817-06-30,66.7
822,1817-07-31,83.3
823,1817-08-31,75
824,1817-09-30,61.2
825,1817-10-31,42.7
826,1817-11-30,48.2
827,1817-12-31,47.3
828,1818-01-31,58.1
829,1818-02-28,37.4
830,1818-03-31,42.4
831,1818-04-30,57.5
832,1818-05-31,88.5
833,1818-06-30,60.8
834,1818-07-31,46.8
835,1818-08-31,52.6
836,1818-09-30,43.4
837,1818-10-31,52.8
838,1818-11-30,18.3
839,1818-12-31,43
840,1819-01-31,54.7
841,1819-02-28,34.6
842,1819-03-31,6.3
843,1819-04-30,33.7
844,1819-05-31,32.6
845,1819-06-30,58.3
846,1819-07-31,52.5
847,1819-08-31,43.5
848,1819-09-30,24.8
849,1819-10-31,45.9
850,1819-11-30,41.8
851,1819-12-31,50.9
852,1820-01-31,32
853,1820-02-29,44.4
854,1820-03-31,7.5
855,1820-04-30,32.3
856,1820-05-31,48.9
857,1820-06-30,17.9
858,1820-07-31,34.1
859,1820-08-31,43.1
860,1820-09-30,8.6
861,1820-10-31,14.9
862,1820-11-30,13.2
863,1820-12-31,15.1
864,1821-01-31,36
865,1821-02-28,7
866,1821-03-31,9.5
867,1821-04-30,15.2
868,1821-05-31,2.8
869,1821-06-30,3
870,1821-07-31,4.3
871,1821-08-31,8
872,1821-09-30,7.3
873,1821-10-31,31.4
874,1821-11-30,7.3
875,1821-12-31,0.4
876,1822-01-31,0
877,1822-02-28,1.5
878,1822-03-31,26.9
879,1822-04-30,21.7
880,1822-05-31,2.4
881,1822-06-30,9.3
882,1822-07-31,13.2
883,1822-08-31,3.4
884,1822-09-30,0
885,1822-10-31,0.6
886,1822-11-30,0
887,1822-12-31,0
888,1823-01-31,0
889,1823-02-28,0
890,1823-03-31,1
891,1823-04-30,0
892,1823-05-31,0
893,1823-06-30,0
894,1823-07-31,0.8
895,1823-08-31,0
896,1823-09-30,0
897,1823-10-31,0
898,1823-11-30,0
899,1823-12-31,34
900,1824-01-31,36
901,1824-02-29,18
902,1824-03-31,0
903,1824-04-30,32.3
904,1824-05-31,4.6
905,1824-06-30,0
906,1824-07-31,0
907,1824-08-31,2.3
908,1824-09-30,34.3
909,1824-10-31,42
910,1824-11-30,0
911,1824-12-31,1.4
912,1825-01-31,8.4
913,1825-02-28,25.9
914,1825-03-31,37.4
915,1825-04-30,6.2
916,1825-05-31,25.8
917,1825-06-30,25.6
918,1825-07-31,51.5
919,1825-08-31,42.8
920,1825-09-30,26.2
921,1825-10-31,26
922,1825-11-30,19.6
923,1825-12-31,36.7
924,1826-01-31,29.4
925,1826-02-28,30.2
926,1826-03-31,61.3
927,1826-04-30,40
928,1826-05-31,53.9
929,1826-06-30,61.7
930,1826-07-31,87.5
931,1826-08-31,66
932,1826-09-30,31.6
933,1826-10-31,84.4
934,1826-11-30,65.8
935,1826-12-31,113.6
936,1827-01-31,57.7
937,1827-02-28,79
938,1827-03-31,96.3
939,1827-04-30,76.7
940,1827-05-31,93.8
941,1827-06-30,94.4
942,1827-07-31,70.4
943,1827-08-31,89.4
944,1827-09-30,82.6
945,1827-10-31,93.5
946,1827-11-30,80.4
947,1827-12-31,76.8
948,1828-01-31,88
949,1828-02-29,107.3
950,1828-03-31,108.5
951,1828-04-30,101.9
952,1828-05-31,148.6
953,1828-06-30,163.4
954,1828-07-31,90.4
955,1828-08-31,127.3
956,1828-09-30,83.9
957,1828-10-31,91.1
958,1828-11-30,95
959,1828-12-31,78.1
960,1829-01-31,71.6
961,1829-02-28,82.3
962,1829-03-31,120.6
963,1829-04-30,158.4
964,1829-05-31,112.3
965,1829-06-30,123.2
966,1829-07-31,151.5
967,1829-08-31,129.3
968,1829-09-30,88
969,1829-10-31,95.3
970,1829-11-30,112.7
971,1829-12-31,94.1
972,1830-01-31,87
973,1830-02-28,120.1
974,1830-03-31,141
975,1830-04-30,177.3
976,1830-05-31,110.5
977,1830-06-30,108.4
978,1830-07-31,73.2
979,1830-08-31,84.6
980,1830-09-30,103.4
981,1830-10-31,140.6
982,1830-11-30,135.4
983,1830-12-31,136.8
984,1831-01-31,79
985,1831-02-28,83.6
986,1831-03-31,155.8
987,1831-04-30,90.9
988,1831-05-31,63.4
989,1831-06-30,55.6
990,1831-07-31,75.4
991,1831-08-31,91.6
992,1831-09-30,63.2
993,1831-10-31,77.1
994,1831-11-30,72.5
995,1831-12-31,48.3
996,1832-01-31,51.5
997,1832-02-29,92.6
998,1832-03-31,91.9
999,1832-04-30,44.8
1000,1832-05-31,68.9
1001,1832-06-30,44.5
1002,1832-07-31,23.3
1003,1832-08-31,14.8
1004,1832-09-30,13.7
1005,1832-10-31,35.2
1006,1832-11-30,23.8
1007,1832-12-31,45.8
1008,1833-01-31,18.7
1009,1833-02-28,24.9
1010,1833-03-31,19.6
1011,1833-04-30,4.6
1012,1833-05-31,21.5
1013,1833-06-30,1.7
1014,1833-07-31,11.6
1015,1833-08-31,9.5
1016,1833-09-30,19.3
1017,1833-10-31,12.5
1018,1833-11-30,9.8
1019,1833-12-31,16.6
1020,1834-01-31,8.2
1021,1834-02-28,30.1
1022,1834-03-31,6.5
1023,1834-04-30,2.4
1024,1834-05-31,14.8
1025,1834-06-30,13.1
1026,1834-07-31,14.4
1027,1834-08-31,6.6
1028,1834-09-30,19.2
1029,1834-10-31,41.3
1030,1834-11-30,50.9
1031,1834-12-31,57.5
1032,1835-01-31,12.4
1033,1835-02-28,40.7
1034,1835-03-31,32.7
1035,1835-04-30,102.4
1036,1835-05-31,72.6
1037,1835-06-30,55.2
1038,1835-07-31,99.6
1039,1835-08-31,98.5
1040,1835-09-30,168
1041,1835-10-31,158.6
1042,1835-11-30,166.7
1043,1835-12-31,129.3
1044,1836-01-31,147.6
1045,1836-02-29,179.4
1046,1836-03-31,163.7
1047,1836-04-30,238
1048,1836-05-31,185.7
1049,1836-06-30,207.9
1050,1836-07-31,194.6
1051,1836-08-31,179.6
1052,1836-09-30,158.5
1053,1836-10-31,228.9
1054,1836-11-30,201.5
1055,1836-12-31,343.8
1056,1837-01-31,313.4
1057,1837-02-28,292.6
1058,1837-03-31,224.3
1059,1837-04-30,230.3
1060,1837-05-31,186.1
1061,1837-06-30,263.4
1062,1837-07-31,271.2
1063,1837-08-31,223.5
1064,1837-09-30,160.4
1065,1837-10-31,206.2
1066,1837-11-30,178.4
1067,1837-12-31,216.1
1068,1838-01-31,241.5
1069,1838-02-28,141.3
1070,1838-03-31,234.5
1071,1838-04-30,211.1
1072,1838-05-31,229.4
1073,1838-06-30,157.6
1074,1838-07-31,180.4
1075,1838-08-31,131.3
1076,1838-09-30,122.7
1077,1838-10-31,151.5
1078,1838-11-30,129.2
1079,1838-12-31,132.9
1080,1839-01-31,175.9
1081,1839-02-28,170.8
1082,1839-03-31,129.5
1083,1839-04-30,102.9
1084,1839-05-31,89.6
1085,1839-06-30,91.2
1086,1839-07-31,141.3
1087,1839-08-31,218.8
1088,1839-09-30,221.1
1089,1839-10-31,151.5
1090,1839-11-30,114.7
1091,1839-12-31,106.2
1092,1840-01-31,135.4
1093,1840-02-29,146.1
1094,1840-03-31,112.9
1095,1840-04-30,109.8
1096,1840-05-31,115.4
1097,1840-06-30,80.9
1098,1840-07-31,101
1099,1840-08-31,96.4
1100,1840-09-30,123.3
1101,1840-10-31,91.7
1102,1840-11-30,90.4
1103,1840-12-31,89.5
1104,1841-01-31,40.1
1105,1841-02-28,49.9
1106,1841-03-31,49.6
1107,1841-04-30,66.9
1108,1841-05-31,112.4
1109,1841-06-30,92.8
1110,1841-07-31,51.4
1111,1841-08-31,65.4
1112,1841-09-30,60.9
1113,1841-10-31,47.4
1114,1841-11-30,32.9
1115,1841-12-31,64.8
1116,1842-01-31,34
1117,1842-02-28,36.8
1118,1842-03-31,36.2
1119,1842-04-30,44.9
1120,1842-05-31,41.4
1121,1842-06-30,34.2
1122,1842-07-31,21
1123,1842-08-31,44.4
1124,1842-09-30,30.6
1125,1842-10-31,63.5
1126,1842-11-30,67.5
1127,1842-12-31,29.3
1128,1843-01-31,22.2
1129,1843-02-28,5.9
1130,1843-03-31,13.9
1131,1843-04-30,15.8
1132,1843-05-31,35.1
1133,1843-06-30,17.6
1134,1843-07-31,15.9
1135,1843-08-31,19.6
1136,1843-09-30,6.9
1137,1843-10-31,8.9
1138,1843-11-30,31.7
1139,1843-12-31,21.2
1140,1844-01-31,15.7
1141,1844-02-29,24.5
1142,1844-03-31,22.5
1143,1844-04-30,34.6
1144,1844-05-31,19.2
1145,1844-06-30,6.2
1146,1844-07-31,35.2
1147,1844-08-31,39.7
1148,1844-09-30,11.6
1149,1844-10-31,35.9
1150,1844-11-30,17.9
1151,1844-12-31,36
1152,1845-01-31,42.8
1153,1845-02-28,72.8
1154,1845-03-31,72.1
1155,1845-04-30,95
1156,1845-05-31,79.7
1157,1845-06-30,51.8
1158,1845-07-31,51
1159,1845-08-31,53.9
1160,1845-09-30,49.3
1161,1845-10-31,67.8
1162,1845-11-30,65.7
1163,1845-12-31,99.5
1164,1846-01-31,64.6
1165,1846-02-28,84.9
1166,1846-03-31,106.5
1167,1846-04-30,115.5
1168,1846-05-31,99.9
1169,1846-06-30,108.4
1170,1846-07-31,77.5
1171,1846-08-31,91.3
1172,1846-09-30,178.6
1173,1846-10-31,93.4
1174,1846-11-30,100.6
1175,1846-12-31,109.1
1176,1847-01-31,104.4
1177,1847-02-28,74.9
1178,1847-03-31,143
1179,1847-04-30,74.6
1180,1847-05-31,125.7
1181,1847-06-30,142.2
1182,1847-07-31,87.1
1183,1847-08-31,234.3
1184,1847-09-30,268.2
1185,1847-10-31,300.6
1186,1847-11-30,231.5
1187,1847-12-31,182.6
1188,1848-01-31,265.2
1189,1848-02-29,186.4
1190,1848-03-31,181.2
1191,1848-04-30,178.6
1192,1848-05-31,170.5
1193,1848-06-30,214.9
1194,1848-07-31,232
1195,1848-08-31,220.9
1196,1848-09-30,167.3
1197,1848-10-31,220.6
1198,1848-11-30,191
1199,1848-12-31,265.8
1200,1849-01-31,298.3
1201,1849-02-28,250.3
1202,1849-03-31,182.7
1203,1849-04-30,194.7
1204,1849-05-31,153.2
1205,1849-06-30,154.2
1206,1849-07-31,148.2
1207,1849-08-31,128.6
1208,1849-09-30,178
1209,1849-10-31,135.7
1210,1849-11-30,188.2
1211,1849-12-31,184.3
1212,1850-01-31,148.2
1213,1850-02-28,169.8
1214,1850-03-31,156.8
1215,1850-04-30,83.8
1216,1850-05-31,117
1217,1850-06-30,133
1218,1850-07-31,74.3
1219,1850-08-31,117
1220,1850-09-30,163.7
1221,1850-10-31,134.9
1222,1850-11-30,104.1
1223,1850-12-31,115.9
1224,1851-01-31,143.5
1225,1851-02-28,200.1
1226,1851-03-31,122.8
1227,1851-04-30,107.3
1228,1851-05-31,118.9
1229,1851-06-30,120
1230,1851-07-31,68.6
1231,1851-08-31,109
1232,1851-09-30,128.9
1233,1851-10-31,118.7
1234,1851-11-30,96.8
1235,1851-12-31,135.5
1236,1852-01-31,129.9
1237,1852-02-29,126.2
1238,1852-03-31,116.2
1239,1852-04-30,124.3
1240,1852-05-31,104.3
1241,1852-06-30,89
1242,1852-07-31,80
1243,1852-08-31,75.3
1244,1852-09-30,71.2
1245,1852-10-31,127.9
1246,1852-11-30,103.1
1247,1852-12-31,86.1
1248,1853-01-31,77.9
1249,1853-02-28,81.5
1250,1853-03-31,71.6
1251,1853-04-30,90.4
1252,1853-05-31,65.9
1253,1853-06-30,76
1254,1853-07-31,87.2
1255,1853-08-31,95.8
1256,1853-09-30,63.7
1257,1853-10-31,80.5
1258,1853-11-30,54.7
1259,1853-12-31,44.5
1260,1854-01-31,29.3
1261,1854-02-28,38
1262,1854-03-31,39.4
1263,1854-04-30,50.3
1264,1854-05-31,45.6
1265,1854-06-30,40.1
1266,1854-07-31,35.5
1267,1854-08-31,30.1
1268,1854-09-30,42.6
1269,1854-10-31,24.1
1270,1854-11-30,53.5
1271,1854-12-31,41.1
1272,1855-01-31,23.4
1273,1855-02-28,21.6
1274,1855-03-31,33
1275,1855-04-30,8.4
1276,1855-05-31,17.3
1277,1855-06-30,10
1278,1855-07-31,0.7
1279,1855-08-31,5.9
1280,1855-09-30,0
1281,1855-10-31,18.3
1282,1855-11-30,7.9
1283,1855-12-31,5.8
1284,1856-01-31,1
1285,1856-02-29,9.3
1286,1856-03-31,0.7
1287,1856-04-30,12.4
1288,1856-05-31,0
1289,1856-06-30,9.8
1290,1856-07-31,8.8
1291,1856-08-31,11.3
1292,1856-09-30,8.4
1293,1856-10-31,8.5
1294,1856-11-30,14.7
1295,1856-12-31,13.7
1296,1857-01-31,26
1297,1857-02-28,14.2
1298,1857-03-31,10
1299,1857-04-30,21.1
1300,1857-05-31,54.2
1301,1857-06-30,30.5
1302,1857-07-31,42.2
1303,1857-08-31,32
1304,1857-09-30,80.6
1305,1857-10-31,77.1
1306,1857-11-30,59.6
1307,1857-12-31,70.7
1308,1858-01-31,74.2
1309,1858-02-28,66.3
1310,1858-03-31,109.2
1311,1858-04-30,72.8
1312,1858-05-31,78.6
1313,1858-06-30,84.5
1314,1858-07-31,107.7
1315,1858-08-31,104.9
1316,1858-09-30,152.2
1317,1858-10-31,173.2
1318,1858-11-30,98.6
1319,1858-12-31,127
1320,1859-01-31,159
1321,1859-02-28,166.4
1322,1859-03-31,171.5
1323,1859-04-30,162.9
1324,1859-05-31,172.8
1325,1859-06-30,165.2
1326,1859-07-31,180.7
1327,1859-08-31,203
1328,1859-09-30,200.9
1329,1859-10-31,217.8
1330,1859-11-30,184.6
1331,1859-12-31,153.9
1332,1860-01-31,156.6
1333,1860-02-29,167.9
1334,1860-03-31,188
1335,1860-04-30,135.7
1336,1860-05-31,203.5
1337,1860-06-30,206.3
1338,1860-07-31,221.9
1339,1860-08-31,190.5
1340,1860-09-30,175.2
1341,1860-10-31,171.1
1342,1860-11-30,186
1343,1860-12-31,181.7
1344,1861-01-31,118.5
1345,1861-02-28,147.5
1346,1861-03-31,192
1347,1861-04-30,187.1
1348,1861-05-31,107.8
1349,1861-06-30,167.5
1350,1861-07-31,148.2
1351,1861-08-31,156.7
1352,1861-09-30,151.9
1353,1861-10-31,127.7
1354,1861-11-30,102
1355,1861-12-31,152.8
1356,1862-01-31,119.9
1357,1862-02-28,122.4
1358,1862-03-31,82.7
1359,1862-04-30,102.1
1360,1862-05-31,122.4
1361,1862-06-30,159.7
1362,1862-07-31,139.5
1363,1862-08-31,118.7
1364,1862-09-30,126.4
1365,1862-10-31,79.8
1366,1862-11-30,96
1367,1862-12-31,77.6
1368,1863-01-31,91.8
1369,1863-02-28,107.7
1370,1863-03-31,126
1371,1863-04-30,77.1
1372,1863-05-31,102.1
1373,1863-06-30,77.6
1374,1863-07-31,62
1375,1863-08-31,91.3
1376,1863-09-30,41.7
1377,1863-10-31,75.7
1378,1863-11-30,71.6
1379,1863-12-31,78.1
1380,1864-01-31,109.7
1381,1864-02-29,89.5
1382,1864-03-31,125.9
1383,1864-04-30,68.1
1384,1864-05-31,77.1
1385,1864-06-30,109.9
1386,1864-07-31,103.8
1387,1864-08-31,104.1
1388,1864-09-30,54.2
1389,1864-10-31,64.4
1390,1864-11-30,109.3
1391,1864-12-31,54.3
1392,1865-01-31,92.5
1393,1865-02-28,74.6
1394,1865-03-31,75
1395,1865-04-30,55.9
1396,1865-05-31,65.6
1397,1865-06-30,63.8
1398,1865-07-31,50.8
1399,1865-08-31,71.8
1400,1865-09-30,41
1401,1865-10-31,32.5
1402,1865-11-30,46.7
1403,1865-12-31,24.3
1404,1866-01-31,60
1405,1866-02-28,72.9
1406,1866-03-31,46.6
1407,1866-04-30,33.5
1408,1866-05-31,24.6
1409,1866-06-30,31.4
1410,1866-07-31,17.6
1411,1866-08-31,24.2
1412,1866-09-30,13.9
1413,1866-10-31,26.8
1414,1866-11-30,17.2
1415,1866-12-31,2.9
1416,1867-01-31,0
1417,1867-02-28,1.4
1418,1867-03-31,17.4
1419,1867-04-30,9.7
1420,1867-05-31,5.5
1421,1867-06-30,2.8
1422,1867-07-31,9.5
1423,1867-08-31,9.1
1424,1867-09-30,18.7
1425,1867-10-31,25.5
1426,1867-11-30,18.1
1427,1867-12-31,47.9
1428,1868-01-31,25.9
1429,1868-02-29,26.3
1430,1868-03-31,44
1431,1868-04-30,61.1
1432,1868-05-31,44.5
1433,1868-06-30,51.8
1434,1868-07-31,48.3
1435,1868-08-31,57.3
1436,1868-09-30,78.7
1437,1868-10-31,102.8
1438,1868-11-30,98.7
1439,1868-12-31,112.8
1440,1869-01-31,101.6
1441,1869-02-28,99.9
1442,1869-03-31,88
1443,1869-04-30,68.4
1444,1869-05-31,173.4
1445,1869-06-30,180.7
1446,1869-07-31,98.8
1447,1869-08-31,132.7
1448,1869-09-30,134.5
1449,1869-10-31,99
1450,1869-11-30,130.2
1451,1869-12-31,174.1
1452,1870-01-31,129
1453,1870-02-28,191.7
1454,1870-03-31,262.7
1455,1870-04-30,266.9
1456,1870-05-31,293.6
1457,1870-06-30,226.3
1458,1870-07-31,220.9
1459,1870-08-31,256.5
1460,1870-09-30,226.8
1461,1870-10-31,244.3
1462,1870-11-30,246
1463,1870-12-31,216.7
1464,1871-01-31,147.2
1465,1871-02-28,209
1466,1871-03-31,238.7
1467,1871-04-30,270.9
1468,1871-05-31,242.6
1469,1871-06-30,152.9
1470,1871-07-31,171.8
1471,1871-08-31,183.7
1472,1871-09-30,133.9
1473,1871-10-31,148.5
1474,1871-11-30,175.7
1475,1871-12-31,150.8
1476,1872-01-31,132.7
1477,1872-02-29,200.3
1478,1872-03-31,147.5
1479,1872-04-30,170.4
1480,1872-05-31,179.5
1481,1872-06-30,183.3
1482,1872-07-31,176
1483,1872-08-31,155
1484,1872-09-30,191.1
1485,1872-10-31,171.2
1486,1872-11-30,186.8
1487,1872-12-31,139.9
1488,1873-01-31,144.6
1489,1873-02-28,178.4
1490,1873-03-31,164
1491,1873-04-30,127.1
1492,1873-05-31,80
1493,1873-06-30,74.8
1494,1873-07-31,111.7
1495,1873-08-31,113.8
1496,1873-09-30,78.7
1497,1873-10-31,78.6
1498,1873-11-30,92.5
1499,1873-12-31,82
1500,1874-01-31,101.4
1501,1874-02-28,107.1
1502,1874-03-31,77.5
1503,1874-04-30,53.5
1504,1874-05-31,74.6
1505,1874-06-30,63.8
1506,1874-07-31,113.2
1507,1874-08-31,102.3
1508,1874-09-30,46.8
1509,1874-10-31,57.4
1510,1874-11-30,48.2
1511,1874-12-31,48.8
1512,1875-01-31,24.4
1513,1875-02-28,35.9
1514,1875-03-31,56.4
1515,1875-04-30,48.6
1516,1875-05-31,19.2
1517,1875-06-30,39.9
1518,1875-07-31,20.9
1519,1875-08-31,24.4
1520,1875-09-30,4
1521,1875-10-31,21.3
1522,1875-11-30,29.6
1523,1875-12-31,16.5
1524,1876-01-31,23.9
1525,1876-02-29,25.1
1526,1876-03-31,51.1
1527,1876-04-30,3.9
1528,1876-05-31,8.5
1529,1876-06-30,2.7
1530,1876-07-31,25.5
1531,1876-08-31,14.8
1532,1876-09-30,16.6
1533,1876-10-31,23.9
1534,1876-11-30,16.6
1535,1876-12-31,13.6
1536,1877-01-31,40.6
1537,1877-02-28,14.5
1538,1877-03-31,19.9
1539,1877-04-30,26.3
1540,1877-05-31,36.1
1541,1877-06-30,23.6
1542,1877-07-31,10
1543,1877-08-31,10.5
1544,1877-09-30,28.1
1545,1877-10-31,11.2
1546,1877-11-30,23.6
1547,1877-12-31,3.5
1548,1878-01-31,5.5
1549,1878-02-28,11
1550,1878-03-31,13.1
1551,1878-04-30,0.2
1552,1878-05-31,9.9
1553,1878-06-30,10.7
1554,1878-07-31,0.2
1555,1878-08-31,0
1556,1878-09-30,8.8
1557,1878-10-31,1.9
1558,1878-11-30,6.8
1559,1878-12-31,0.9
1560,1879-01-31,1.6
1561,1879-02-28,0.9
1562,1879-03-31,0
1563,1879-04-30,10.4
1564,1879-05-31,4
1565,1879-06-30,8
1566,1879-07-31,12.6
1567,1879-08-31,17.9
1568,1879-09-30,10.1
1569,1879-10-31,20.4
1570,1879-11-30,21.9
1571,1879-12-31,12.2
1572,1880-01-31,40.1
1573,1880-02-29,45.4
1574,1880-03-31,32.1
1575,1880-04-30,32.4
1576,1880-05-31,39.1
1577,1880-06-30,56.9
1578,1880-07-31,36.5
1579,1880-08-31,80.3
1580,1880-09-30,110.1
1581,1880-10-31,71.7
1582,1880-11-30,51.1
1583,1880-12-31,49.4
1584,1881-01-31,60.6
1585,1881-02-28,88.6
1586,1881-03-31,85.8
1587,1881-04-30,86.1
1588,1881-05-31,72.5
1589,1881-06-30,100.8
1590,1881-07-31,128.2
1591,1881-08-31,97.3
1592,1881-09-30,88.6
1593,1881-10-31,107.3
1594,1881-11-30,91.5
1595,1881-12-31,78.8
1596,1882-01-31,75
1597,1882-02-28,115.9
1598,1882-03-31,111.5
1599,1882-04-30,159.6
1600,1882-05-31,106.9
1601,1882-06-30,75.4
1602,1882-07-31,75.7
1603,1882-08-31,67.5
1604,1882-09-30,96.1
1605,1882-10-31,98.6
1606,1882-11-30,140.6
1607,1882-12-31,69.7
1608,1883-01-31,101
1609,1883-02-28,78.2
1610,1883-03-31,71.3
1611,1883-04-30,136.8
1612,1883-05-31,52.5
1613,1883-06-30,127.2
1614,1883-07-31,134.4
1615,1883-08-31,76.6
1616,1883-09-30,87.8
1617,1883-10-31,139.6
1618,1883-11-30,140.8
1619,1883-12-31,126.5
1620,1884-01-31,152.6
1621,1884-02-29,144.8
1622,1884-03-31,145.8
1623,1884-04-30,126.9
1624,1884-05-31,110.9
1625,1884-06-30,85.3
1626,1884-07-31,88.5
1627,1884-08-31,93.1
1628,1884-09-30,103.1
1629,1884-10-31,79.6
1630,1884-11-30,60.9
1631,1884-12-31,78.6
1632,1885-01-31,71.4
1633,1885-02-28,119.7
1634,1885-03-31,82.9
1635,1885-04-30,91.7
1636,1885-05-31,121.6
1637,1885-06-30,139.5
1638,1885-07-31,110.9
1639,1885-08-31,83.5
1640,1885-09-30,66
1641,1885-10-31,64.5
1642,1885-11-30,51.6
1643,1885-12-31,36.3
1644,1886-01-31,49.8
1645,1886-02-28,43.2
1646,1886-03-31,95.5
1647,1886-04-30,72.9
1648,1886-05-31,51.2
1649,1886-06-30,45.3
1650,1886-07-31,50.4
1651,1886-08-31,28.1
1652,1886-09-30,35.7
1653,1886-10-31,14.4
1654,1886-11-30,0.6
1655,1886-12-31,21.7
1656,1887-01-31,17
1657,1887-02-28,22
1658,1887-03-31,7.1
1659,1887-04-30,11.6
1660,1887-05-31,33.4
1661,1887-06-30,26.1
1662,1887-07-31,38.9
1663,1887-08-31,35.7
1664,1887-09-30,12.4
1665,1887-10-31,11
1666,1887-11-30,11.5
1667,1887-12-31,34.5
1668,1888-01-31,21.2
1669,1888-02-29,11.8
1670,1888-03-31,13.1
1671,1888-04-30,8.5
1672,1888-05-31,11.7
1673,1888-06-30,11.8
1674,1888-07-31,5
1675,1888-08-31,4.6
1676,1888-09-30,14.6
1677,1888-10-31,3.4
1678,1888-11-30,17.9
1679,1888-12-31,11.1
1680,1889-01-31,1.3
1681,1889-02-28,14.2
1682,1889-03-31,11.1
1683,1889-04-30,7.3
1684,1889-05-31,4
1685,1889-06-30,10.8
1686,1889-07-31,15.8
1687,1889-08-31,34.3
1688,1889-09-30,10.9
1689,1889-10-31,3.4
1690,1889-11-30,0.3
1691,1889-12-31,11.2
1692,1890-01-31,8.8
1693,1890-02-28,1.1
1694,1890-03-31,8.5
1695,1890-04-30,2.7
1696,1890-05-31,7.9
1697,1890-06-30,2.2
1698,1890-07-31,19.3
1699,1890-08-31,14.2
1700,1890-09-30,28.6
1701,1890-10-31,18.6
1702,1890-11-30,15.9
1703,1890-12-31,13.1
1704,1891-01-31,22.5
1705,1891-02-28,36.9
1706,1891-03-31,17.2
1707,1891-04-30,34.2
1708,1891-05-31,68.5
1709,1891-06-30,80.4
1710,1891-07-31,98
1711,1891-08-31,55.1
1712,1891-09-30,89.7
1713,1891-10-31,86
1714,1891-11-30,69.8
1715,1891-12-31,54.3
1716,1892-01-31,115.2
1717,1892-02-29,126.1
1718,1892-03-31,83.3
1719,1892-04-30,116
1720,1892-05-31,132.7
1721,1892-06-30,127.3
1722,1892-07-31,127.6
1723,1892-08-31,169
1724,1892-09-30,104.7
1725,1892-10-31,117.5
1726,1892-11-30,108.9
1727,1892-12-31,131
1728,1893-01-31,125
1729,1893-02-28,121.6
1730,1893-03-31,109.5
1731,1893-04-30,146.8
1732,1893-05-31,141.3
1733,1893-06-30,149.8
1734,1893-07-31,147.6
1735,1893-08-31,215.4
1736,1893-09-30,129.9
1737,1893-10-31,133.3
1738,1893-11-30,125.2
1739,1893-12-31,156.4
1740,1894-01-31,138.6
1741,1894-02-28,141
1742,1894-03-31,87.1
1743,1894-04-30,136
1744,1894-05-31,168.7
1745,1894-06-30,164.8
1746,1894-07-31,176.7
1747,1894-08-31,117.1
1748,1894-09-30,110
1749,1894-10-31,125.7
1750,1894-11-30,94.3
1751,1894-12-31,100.1
1752,1895-01-31,105.4
1753,1895-02-28,112
1754,1895-03-31,101.6
1755,1895-04-30,128.2
1756,1895-05-31,112.5
1757,1895-06-30,119.1
1758,1895-07-31,79.7
1759,1895-08-31,114.9
1760,1895-09-30,96.1
1761,1895-10-31,113.2
1762,1895-11-30,78.6
1763,1895-12-31,117.9
1764,1896-01-31,48.4
1765,1896-02-29,95.7
1766,1896-03-31,86.5
1767,1896-04-30,73
1768,1896-05-31,46.1
1769,1896-06-30,81.7
1770,1896-07-31,75.2
1771,1896-08-31,45.4
1772,1896-09-30,102.2
1773,1896-10-31,47.9
1774,1896-11-30,63.3
1775,1896-12-31,71
1776,1897-01-31,67.6
1777,1897-02-28,49
1778,1897-03-31,48.7
1779,1897-04-30,51.7
1780,1897-05-31,33.3
1781,1897-06-30,18.9
1782,1897-07-31,46.1
1783,1897-08-31,36.4
1784,1897-09-30,80.4
1785,1897-10-31,23.9
1786,1897-11-30,14
1787,1897-12-31,55.5
1788,1898-01-31,50.4
1789,1898-02-28,60.7
1790,1898-03-31,63.9
1791,1898-04-30,24.2
1792,1898-05-31,43
1793,1898-06-30,37.1
1794,1898-07-31,15
1795,1898-08-31,52.3
1796,1898-09-30,58.1
1797,1898-10-31,57.1
1798,1898-11-30,51.6
1799,1898-12-31,21.1
1800,1899-01-31,32.4
1801,1899-02-28,15.3
1802,1899-03-31,30.3
1803,1899-04-30,23.6
1804,1899-05-31,12.9
1805,1899-06-30,34.1
1806,1899-07-31,22.5
1807,1899-08-31,4.9
1808,1899-09-30,14
1809,1899-10-31,21.7
1810,1899-11-30,13
1811,1899-12-31,17.6
1812,1/31/1900,15.7
1813,2/28/1900,22.8
1814,3/31/1900,14.4
1815,4/30/1900,26.8
1816,5/31/1900,25.3
1817,6/30/1900,20.1
1818,7/31/1900,13.9
1819,8/31/1900,7.1
1820,9/30/1900,13.9
1821,10/31/1900,21.6
1822,11/30/1900,7.5
1823,12/31/1900,0.5
1824,1/31/1901,0.4
1825,2/28/1901,4
1826,3/31/1901,7.4
1827,4/30/1901,0
1828,5/31/1901,17
1829,6/30/1901,9.7
1830,7/31/1901,1.2
1831,8/31/1901,1.7
1832,9/30/1901,0.9
1833,10/31/1901,6.3
1834,11/30/1901,6.4
1835,12/31/1901,0
1836,1/31/1902,9.3
1837,2/28/1902,0
1838,3/31/1902,20.7
1839,4/30/1902,0
1840,5/31/1902,4.7
1841,6/30/1902,2.4
1842,7/31/1902,1.5
1843,8/31/1902,3.8
1844,9/30/1902,12.6
1845,10/31/1902,27.2
1846,11/30/1902,17.2
1847,12/31/1902,1.8
1848,1/31/1903,13.9
1849,2/28/1903,28.4
1850,3/31/1903,22.5
1851,4/30/1903,43.5
1852,5/31/1903,24.3
1853,6/30/1903,27.2
1854,7/31/1903,46.4
1855,8/31/1903,48
1856,9/30/1903,18.5
1857,10/31/1903,64.8
1858,11/30/1903,74.2
1859,12/31/1903,76.2
1860,1/31/1904,52.6
1861,2/29/1904,40.8
1862,3/31/1904,61.9
1863,4/30/1904,71.6
1864,5/31/1904,65.7
1865,6/30/1904,69.8
1866,7/31/1904,84.3
1867,8/31/1904,97.1
1868,9/30/1904,50.2
1869,10/31/1904,90.4
1870,11/30/1904,63.4
1871,12/31/1904,91.1
1872,1/31/1905,91.2
1873,2/28/1905,143
1874,3/31/1905,94.3
1875,4/30/1905,65.5
1876,5/31/1905,79.9
1877,6/30/1905,81.6
1878,7/31/1905,121.6
1879,8/31/1905,98.1
1880,9/30/1905,91.8
1881,10/31/1905,131.2
1882,11/30/1905,178.7
1883,12/31/1905,92.5
1884,1/31/1906,75.8
1885,2/28/1906,52.3
1886,3/31/1906,107.4
1887,4/30/1906,92.2
1888,5/31/1906,96.2
1889,6/30/1906,105.3
1890,7/31/1906,172.7
1891,8/31/1906,79.6
1892,9/30/1906,93.5
1893,10/31/1906,29.7
1894,11/30/1906,64.8
1895,12/31/1906,108
1896,1/31/1907,127.4
1897,2/28/1907,180.3
1898,3/31/1907,101.1
1899,4/30/1907,87.6
1900,5/31/1907,71.4
1901,6/30/1907,67.2
1902,7/31/1907,82.9
1903,8/31/1907,90.5
1904,9/30/1907,141.7
1905,10/31/1907,109.1
1906,11/30/1907,102.5
1907,12/31/1907,78.9
1908,1/31/1908,65.4
1909,2/29/1908,56.6
1910,3/31/1908,47.9
1911,4/30/1908,96.1
1912,5/31/1908,68
1913,6/30/1908,80.2
1914,7/31/1908,65.8
1915,8/31/1908,150.9
1916,9/30/1908,144.9
1917,10/31/1908,53.9
1918,11/30/1908,75.9
1919,12/31/1908,65.9
1920,1/31/1909,94.6
1921,2/28/1909,77.6
1922,3/31/1909,110.5
1923,4/30/1909,53.7
1924,5/31/1909,60
1925,6/30/1909,37.8
1926,7/31/1909,59.6
1927,8/31/1909,38.5
1928,9/30/1909,64.7
1929,10/31/1909,97.4
1930,11/30/1909,93
1931,12/31/1909,90.2
1932,1/31/1910,44
1933,2/28/1910,52.5
1934,3/31/1910,35.7
1935,4/30/1910,14.1
1936,5/31/1910,36.9
1937,6/30/1910,20.5
1938,7/31/1910,23.5
1939,8/31/1910,19.3
1940,9/30/1910,43.7
1941,10/31/1910,63.9
1942,11/30/1910,8.3
1943,12/31/1910,9.6
1944,1/31/1911,5.6
1945,2/28/1911,15
1946,3/31/1911,13
1947,4/30/1911,27.6
1948,5/31/1911,15.1
1949,6/30/1911,3.7
1950,7/31/1911,5.9
1951,8/31/1911,6.7
1952,9/30/1911,6.7
1953,10/31/1911,4.5
1954,11/30/1911,7
1955,12/31/1911,3.7
1956,1/31/1912,0.4
1957,2/29/1912,0
1958,3/31/1912,8.2
1959,4/30/1912,7.6
1960,5/31/1912,7.4
1961,6/30/1912,6.9
1962,7/31/1912,4.9
1963,8/31/1912,0.5
1964,9/30/1912,15.9
1965,10/31/1912,7.6
1966,11/30/1912,1.9
1967,12/31/1912,10.6
1968,1/31/1913,3.8
1969,2/28/1913,4.8
1970,3/31/1913,0.8
1971,4/30/1913,1.6
1972,5/31/1913,0
1973,6/30/1913,0
1974,7/31/1913,2.9
1975,8/31/1913,0.4
1976,9/30/1913,2
1977,10/31/1913,5.2
1978,11/30/1913,1.2
1979,12/31/1913,6.3
1980,1/31/1914,4.7
1981,2/28/1914,4.4
1982,3/31/1914,5.3
1983,4/30/1914,28.9
1984,5/31/1914,8.7
1985,6/30/1914,19.1
1986,7/31/1914,9.1
1987,8/31/1914,12.9
1988,9/30/1914,21.2
1989,10/31/1914,13.7
1990,11/30/1914,27.3
1991,12/31/1914,37.3
1992,1/31/1915,38.5
1993,2/28/1915,70.4
1994,3/31/1915,64.8
1995,4/30/1915,68.9
1996,5/31/1915,55.1
1997,6/30/1915,114.7
1998,7/31/1915,119.4
1999,8/31/1915,116
2000,9/30/1915,82.4
2001,10/31/1915,89.1
2002,11/30/1915,70.9
2003,12/31/1915,57.5
2004,1/31/1916,75.5
2005,2/29/1916,92.4
2006,3/31/1916,111.7
2007,4/30/1916,119.8
2008,5/31/1916,124
2009,6/30/1916,112.9
2010,7/31/1916,89.3
2011,8/31/1916,58.6
2012,9/30/1916,75.1
2013,10/31/1916,84.5
2014,11/30/1916,109.5
2015,12/31/1916,88.3
2016,1/31/1917,124.5
2017,2/28/1917,119.9
2018,3/31/1917,158
2019,4/30/1917,124.6
2020,5/31/1917,190.2
2021,6/30/1917,191.4
2022,7/31/1917,199.7
2023,8/31/1917,257.7
2024,9/30/1917,215.6
2025,10/31/1917,120.3
2026,11/30/1917,160.7
2027,12/31/1917,215.5
2028,1/31/1918,160
2029,2/28/1918,108.7
2030,3/31/1918,120.4
2031,4/30/1918,134.1
2032,5/31/1918,127.9
2033,6/30/1918,99
2034,7/31/1918,179.5
2035,8/31/1918,169.6
2036,9/30/1918,133.2
2037,10/31/1918,141.7
2038,11/30/1918,139
2039,12/31/1918,98.5
2040,1/31/1919,80.2
2041,2/28/1919,132.5
2042,3/31/1919,110.9
2043,4/30/1919,86.3
2044,5/31/1919,146.9
2045,6/30/1919,185.3
2046,7/31/1919,107.8
2047,8/31/1919,115.1
2048,9/30/1919,91.1
2049,10/31/1919,88
2050,11/30/1919,69.9
2051,12/31/1919,58
2052,1/31/1920,85.3
2053,2/29/1920,89.8
2054,3/31/1920,116.9
2055,4/30/1920,24.7
2056,5/31/1920,55.4
2057,6/30/1920,64.6
2058,7/31/1920,45.7
2059,8/31/1920,31.9
2060,9/30/1920,60.5
2061,10/31/1920,82.7
2062,11/30/1920,45.3
2063,12/31/1920,49.8
2064,1/31/1921,52.5
2065,2/28/1921,47.1
2066,3/31/1921,44.5
2067,4/30/1921,54
2068,5/31/1921,37
2069,6/30/1921,56.2
2070,7/31/1921,69.7
2071,8/31/1921,38
2072,9/30/1921,29.6
2073,10/31/1921,30.3
2074,11/30/1921,29.6
2075,12/31/1921,33.9
2076,1/31/1922,19.7
2077,2/28/1922,43.9
2078,3/31/1922,91.3
2079,4/30/1922,18.3
2080,5/31/1922,13.4
2081,6/30/1922,9.8
2082,7/31/1922,18.3
2083,8/31/1922,10.9
2084,9/30/1922,7.8
2085,10/31/1922,10.4
2086,11/30/1922,12.2
2087,12/31/1922,29
2088,1/31/1923,7.5
2089,2/28/1923,2.5
2090,3/31/1923,5.5
2091,4/30/1923,10.2
2092,5/31/1923,5.3
2093,6/30/1923,15.3
2094,7/31/1923,5.9
2095,8/31/1923,0.8
2096,9/30/1923,22.1
2097,10/31/1923,19.5
2098,11/30/1923,16.7
2099,12/31/1923,4.6
2100,1/31/1924,0.8
2101,2/29/1924,8.5
2102,3/31/1924,3
2103,4/30/1924,18.9
2104,5/31/1924,34.6
2105,6/30/1924,40
2106,7/31/1924,46.9
2107,8/31/1924,32.1
2108,9/30/1924,41.9
2109,10/31/1924,42.6
2110,11/30/1924,37.5
2111,12/31/1924,27.5
2112,1/31/1925,9.1
2113,2/28/1925,38.6
2114,3/31/1925,30
2115,4/30/1925,53
2116,5/31/1925,71.4
2117,6/30/1925,79.1
2118,7/31/1925,64.2
2119,8/31/1925,63.3
2120,9/30/1925,100.3
2121,10/31/1925,115.3
2122,11/30/1925,97.6
2123,12/31/1925,164.4
2124,1/31/1926,119.7
2125,2/28/1926,116.4
2126,3/31/1926,104.2
2127,4/30/1926,64.2
2128,5/31/1926,107
2129,6/30/1926,122.4
2130,7/31/1926,87.2
2131,8/31/1926,102.7
2132,9/30/1926,101.4
2133,10/31/1926,119.3
2134,11/30/1926,100.8
2135,12/31/1926,132.4
2136,1/31/1927,136
2137,2/28/1927,155.1
2138,3/31/1927,116.1
2139,4/30/1927,155.8
2140,5/31/1927,131.9
2141,6/30/1927,98.5
2142,7/31/1927,91.6
2143,8/31/1927,89.6
2144,9/30/1927,114.1
2145,10/31/1927,105.2
2146,11/30/1927,112.1
2147,12/31/1927,75.3
2148,1/31/1928,139.2
2149,2/29/1928,122.4
2150,3/31/1928,142.4
2151,4/30/1928,134.3
2152,5/31/1928,128.3
2153,6/30/1928,152.4
2154,7/31/1928,163.4
2155,8/31/1928,139.6
2156,9/30/1928,149.6
2157,10/31/1928,102.3
2158,11/30/1928,83.9
2159,12/31/1928,98.3
2160,1/31/1929,114.8
2161,2/28/1929,104.7
2162,3/31/1929,83.8
2163,4/30/1929,87.9
2164,5/31/1929,97
2165,6/30/1929,119.9
2166,7/31/1929,117.1
2167,8/31/1929,109.6
2168,9/30/1929,57.3
2169,10/31/1929,90.1
2170,11/30/1929,135.1
2171,12/31/1929,179.9
2172,1/31/1930,108.8
2173,2/28/1930,83.1
2174,3/31/1930,58.4
2175,4/30/1930,63.7
2176,5/31/1930,61.4
2177,6/30/1930,48
2178,7/31/1930,36.5
2179,8/31/1930,41.5
2180,9/30/1930,53.5
2181,10/31/1930,57.2
2182,11/30/1930,59.4
2183,12/31/1930,43
2184,1/31/1931,24.4
2185,2/28/1931,71.8
2186,3/31/1931,50.1
2187,4/30/1931,52
2188,5/31/1931,40.8
2189,6/30/1931,25.5
2190,7/31/1931,29
2191,8/31/1931,21.6
2192,9/30/1931,31.7
2193,10/31/1931,16.6
2194,11/30/1931,31.2
2195,12/31/1931,29.7
2196,1/31/1932,20.1
2197,2/29/1932,17.6
2198,3/31/1932,18.8
2199,4/30/1932,18.7
2200,5/31/1932,29.7
2201,6/30/1932,36.9
2202,7/31/1932,16
2203,8/31/1932,11.3
2204,9/30/1932,6.6
2205,10/31/1932,14.8
2206,11/30/1932,13.7
2207,12/31/1932,18.5
2208,1/31/1933,20.4
2209,2/28/1933,36.9
2210,3/31/1933,16.8
2211,4/30/1933,4.9
2212,5/31/1933,5.3
2213,6/30/1933,8.7
2214,7/31/1933,4.7
2215,8/31/1933,0.4
2216,9/30/1933,8.5
2217,10/31/1933,5
2218,11/30/1933,1
2219,12/31/1933,0.4
2220,1/31/1934,5.7
2221,2/28/1934,12.9
2222,3/31/1934,7.2
2223,4/30/1934,18.8
2224,5/31/1934,32.9
2225,6/30/1934,11.2
2226,7/31/1934,15.3
2227,8/31/1934,13.9
2228,9/30/1934,6.7
2229,10/31/1934,9.5
2230,11/30/1934,14.5
2231,12/31/1934,25.7
2232,1/31/1935,31.1
2233,2/28/1935,34.1
2234,3/31/1935,38.5
2235,4/30/1935,20.4
2236,5/31/1935,45.4
2237,6/30/1935,76.2
2238,7/31/1935,56.5
2239,8/31/1935,50.2
2240,9/30/1935,70.1
2241,10/31/1935,88.7
2242,11/30/1935,107
2243,12/31/1935,102.5
2244,1/31/1936,104.7
2245,2/29/1936,123.9
2246,3/31/1936,128.4
2247,4/30/1936,124.8
2248,5/31/1936,90.9
2249,6/30/1936,116.7
2250,7/31/1936,87.2
2251,8/31/1936,145
2252,9/30/1936,126.7
2253,10/31/1936,148.2
2254,11/30/1936,192.3
2255,12/31/1936,205.6
2256,1/31/1937,220.9
2257,2/28/1937,214.1
2258,3/31/1937,139.7
2259,4/30/1937,182.2
2260,5/31/1937,194.4
2261,6/30/1937,217.1
2262,7/31/1937,241.8
2263,8/31/1937,229.5
2264,9/30/1937,167.9
2265,10/31/1937,208.2
2266,11/30/1937,123.9
2267,12/31/1937,147.9
2268,1/31/1938,164
2269,2/28/1938,198.6
2270,3/31/1938,144.2
2271,4/30/1938,168.4
2272,5/31/1938,212.3
2273,6/30/1938,162.6
2274,7/31/1938,275.6
2275,8/31/1938,192.8
2276,9/30/1938,149.3
2277,10/31/1938,165.3
2278,11/30/1938,203.6
2279,12/31/1938,154.7
2280,1/31/1939,133.9
2281,2/28/1939,129
2282,3/31/1939,107.8
2283,4/30/1939,181.9
2284,5/31/1939,197.3
2285,6/30/1939,168.3
2286,7/31/1939,162.6
2287,8/31/1939,176.3
2288,9/30/1939,187.7
2289,10/31/1939,146.9
2290,11/30/1939,113.7
2291,12/31/1939,70.2
2292,1/31/1940,84.1
2293,2/29/1940,99.1
2294,3/31/1940,138.9
2295,4/30/1940,101.1
2296,5/31/1940,90.6
2297,6/30/1940,139.8
2298,7/31/1940,112.5
2299,8/31/1940,175.9
2300,9/30/1940,110.8
2301,10/31/1940,91.5
2302,11/30/1940,97.4
2303,12/31/1940,113.8
2304,1/31/1941,76.1
2305,2/28/1941,74.3
2306,3/31/1941,77.5
2307,4/30/1941,54.6
2308,5/31/1941,49
2309,6/30/1941,99.6
2310,7/31/1941,111.4
2311,8/31/1941,100.1
2312,9/30/1941,109.8
2313,10/31/1941,77.2
2314,11/30/1941,64
2315,12/31/1941,56.2
2316,1/31/1942,59.5
2317,2/28/1942,87.9
2318,3/31/1942,90.4
2319,4/30/1942,101.2
2320,5/31/1942,41.8
2321,6/30/1942,18.9
2322,7/31/1942,29.6
2323,8/31/1942,33.7
2324,9/30/1942,28.7
2325,10/31/1942,32
2326,11/30/1942,51.3
2327,12/31/1942,37.6
2328,1/31/1943,20.7
2329,2/28/1943,48.1
2330,3/31/1943,45.7
2331,4/30/1943,43.5
2332,5/31/1943,23.6
2333,6/30/1943,12.7
2334,7/31/1943,22
2335,8/31/1943,32.3
2336,9/30/1943,16.7
2337,10/31/1943,13
2338,11/30/1943,17
2339,12/31/1943,31.4
2340,1/31/1944,6.1
2341,2/29/1944,0.8
2342,3/31/1944,18.3
2343,4/30/1944,0.4
2344,5/31/1944,4.1
2345,6/30/1944,8.2
2346,7/31/1944,8.5
2347,8/31/1944,27.9
2348,9/30/1944,23.7
2349,10/31/1944,28.1
2350,11/30/1944,17.9
2351,12/31/1944,47.4
2352,1/31/1945,30.8
2353,2/28/1945,21.2
2354,3/31/1945,35.9
2355,4/30/1945,53.4
2356,5/31/1945,51
2357,6/30/1945,60.2
2358,7/31/1945,71
2359,8/31/1945,43.1
2360,9/30/1945,58.1
2361,10/31/1945,114.5
2362,11/30/1945,76.6
2363,12/31/1945,45.7
2364,1/31/1946,79.3
2365,2/28/1946,143.8
2366,3/31/1946,127.7
2367,4/30/1946,126.1
2368,5/31/1946,141.6
2369,6/30/1946,122.6
2370,7/31/1946,193.7
2371,8/31/1946,178.7
2372,9/30/1946,157.4
2373,10/31/1946,170.5
2374,11/30/1946,206.3
2375,12/31/1946,202.9
2376,1/31/1947,163.7
2377,2/28/1947,188.9
2378,3/31/1947,183.8
2379,4/30/1947,212.1
2380,5/31/1947,285
2381,6/30/1947,232.1
2382,7/31/1947,223.5
2383,8/31/1947,267.4
2384,9/30/1947,239.9
2385,10/31/1947,231.7
2386,11/30/1947,181.3
2387,12/31/1947,164.9
2388,1/31/1948,153.6
2389,2/29/1948,122
2390,3/31/1948,134.3
2391,4/30/1948,268.5
2392,5/31/1948,246.4
2393,6/30/1948,237.5
2394,7/31/1948,201.4
2395,8/31/1948,223.7
2396,9/30/1948,202.9
2397,10/31/1948,192.9
2398,11/30/1948,135.6
2399,12/31/1948,195.3
2400,1/31/1949,168.6
2401,2/28/1949,258
2402,3/31/1949,223
2403,4/30/1949,208.1
2404,5/31/1949,150.4
2405,6/30/1949,172.4
2406,7/31/1949,178.3
2407,8/31/1949,175.3
2408,9/30/1949,205.8
2409,10/31/1949,186.3
2410,11/30/1949,203.2
2411,12/31/1949,166.6
2412,1/31/1950,143.9
2413,2/28/1950,134.3
2414,3/31/1950,155.4
2415,4/30/1950,160.6
2416,5/31/1950,150.5
2417,6/30/1950,118.3
2418,7/31/1950,128.9
2419,8/31/1950,120.6
2420,9/30/1950,72.7
2421,10/31/1950,87
2422,11/30/1950,77.7
2423,12/31/1950,76.7
2424,1/31/1951,85
2425,2/28/1951,84.8
2426,3/31/1951,79.3
2427,4/30/1951,131.7
2428,5/31/1951,153.7
2429,6/30/1951,142.4
2430,7/31/1951,87.2
2431,8/31/1951,86.5
2432,9/30/1951,117.7
2433,10/31/1951,73.3
2434,11/30/1951,74.2
2435,12/31/1951,65
2436,1/31/1952,57.9
2437,2/29/1952,32.4
2438,3/31/1952,31.5
2439,4/30/1952,41.7
2440,5/31/1952,33.6
2441,6/30/1952,52
2442,7/31/1952,56.1
2443,8/31/1952,77.8
2444,9/30/1952,40.4
2445,10/31/1952,34.2
2446,11/30/1952,31.8
2447,12/31/1952,48.9
2448,1/31/1953,37.9
2449,2/28/1953,5.9
2450,3/31/1953,14.7
2451,4/30/1953,39.6
2452,5/31/1953,18.3
2453,6/30/1953,31.5
2454,7/31/1953,12.7
2455,8/31/1953,33.6
2456,9/30/1953,28
2457,10/31/1953,12.3
2458,11/30/1953,2.5
2459,12/31/1953,3.9
2460,1/31/1954,0.4
2461,2/28/1954,0.8
2462,3/31/1954,15.8
2463,4/30/1954,2.7
2464,5/31/1954,1.2
2465,6/30/1954,0.4
2466,7/31/1954,7.3
2467,8/31/1954,12.6
2468,9/30/1954,2.3
2469,10/31/1954,10.5
2470,11/30/1954,13.4
2471,12/31/1954,11.3
2472,1/31/1955,33.4
2473,2/28/1955,29.9
2474,3/31/1955,7.3
2475,4/30/1955,16.4
2476,5/31/1955,41.3
2477,6/30/1955,45.2
2478,7/31/1955,38.2
2479,8/31/1955,58
2480,9/30/1955,60.8
2481,10/31/1955,83
2482,11/30/1955,126.3
2483,12/31/1955,108.8
2484,1/31/1956,104.1
2485,2/29/1956,175.6
2486,3/31/1956,167.7
2487,4/30/1956,156.7
2488,5/31/1956,193.4
2489,6/30/1956,165.1
2490,7/31/1956,182.7
2491,8/31/1956,240.2
2492,9/30/1956,245.4
2493,10/31/1956,219.9
2494,11/30/1956,285
2495,12/31/1956,272
2496,1/31/1957,233.7
2497,2/28/1957,184.5
2498,3/31/1957,222.8
2499,4/30/1957,248
2500,5/31/1957,233
2501,6/30/1957,284.3
2502,7/31/1957,265.1
2503,8/31/1957,223.7
2504,9/30/1957,334
2505,10/31/1957,359.4
2506,11/30/1957,298.6
2507,12/31/1957,339
2508,1/31/1958,286.7
2509,2/28/1958,233.6
2510,3/31/1958,270
2511,4/30/1958,277.6
2512,5/31/1958,248.2
2513,6/30/1958,242.9
2514,7/31/1958,271
2515,8/31/1958,283.5
2516,9/30/1958,285.1
2517,10/31/1958,256.9
2518,11/30/1958,215.6
2519,12/31/1958,265.7
2520,1/31/1959,307.7
2521,2/28/1959,202.6
2522,3/31/1959,263
2523,4/30/1959,231.3
2524,5/31/1959,243.6
2525,6/30/1959,238.9
2526,7/31/1959,211.9
2527,8/31/1959,282.6
2528,9/30/1959,205.6
2529,10/31/1959,157.7
2530,11/30/1959,175.6
2531,12/31/1959,177.1
2532,1/31/1960,207.2
2533,2/29/1960,149.9
2534,3/31/1960,144.6
2535,4/30/1960,172.7
2536,5/31/1960,169.3
2537,6/30/1960,156
2538,7/31/1960,172.4
2539,8/31/1960,190
2540,9/30/1960,180.1
2541,10/31/1960,117.3
2542,11/30/1960,126.9
2543,12/31/1960,121.2
2544,1/31/1961,82.1
2545,2/28/1961,65.4
2546,3/31/1961,75.2
2547,4/30/1961,86.9
2548,5/31/1961,72.3
2549,6/30/1961,109.5
2550,7/31/1961,99.3
2551,8/31/1961,79.2
2552,9/30/1961,90.1
2553,10/31/1961,53.7
2554,11/30/1961,46.5
2555,12/31/1961,56.9
2556,1/31/1962,55.1
2557,2/28/1962,71.7
2558,3/31/1962,64.9
2559,4/30/1962,65.9
2560,5/31/1962,61.9
2561,6/30/1962,59.6
2562,7/31/1962,31.4
2563,8/31/1962,31.5
2564,9/30/1962,72.7
2565,10/31/1962,56.1
2566,11/30/1962,38.8
2567,12/31/1962,33.2
2568,1/31/1963,28.7
2569,2/28/1963,35.2
2570,3/31/1963,24.8
2571,4/30/1963,41.7
2572,5/31/1963,61.1
2573,6/30/1963,51.2
2574,7/31/1963,28.7
2575,8/31/1963,47.5
2576,9/30/1963,55.2
2577,10/31/1963,50.1
2578,11/30/1963,33.7
2579,12/31/1963,21.6
2580,1/31/1964,22.6
2581,2/29/1964,25.3
2582,3/31/1964,24.1
2583,4/30/1964,12.9
2584,5/31/1964,14.3
2585,6/30/1964,13.5
2586,7/31/1964,4.8
2587,8/31/1964,13.8
2588,9/30/1964,7
2589,10/31/1964,9.2
2590,11/30/1964,11.1
2591,12/31/1964,22.1
2592,1/31/1965,25.4
2593,2/28/1965,20.8
2594,3/31/1965,17.5
2595,4/30/1965,10.2
2596,5/31/1965,34.5
2597,6/30/1965,23.3
2598,7/31/1965,17.3
2599,8/31/1965,13.3
2600,9/30/1965,24.5
2601,10/31/1965,29.1
2602,11/30/1965,22.8
2603,12/31/1965,24.7
2604,1/31/1966,40.3
2605,2/28/1966,35.3
2606,3/31/1966,36.4
2607,4/30/1966,69
2608,5/31/1966,64.2
2609,6/30/1966,67.7
2610,7/31/1966,80.2
2611,8/31/1966,72.6
2612,9/30/1966,71.1
2613,10/31/1966,81.2
2614,11/30/1966,81
2615,12/31/1966,99.8
2616,1/31/1967,157
2617,2/28/1967,132.6
2618,3/31/1967,158.3
2619,4/30/1967,98.4
2620,5/31/1967,122.5
2621,6/30/1967,95.4
2622,7/31/1967,129.5
2623,8/31/1967,151.8
2624,9/30/1967,108.7
2625,10/31/1967,125
2626,11/30/1967,133.6
2627,12/31/1967,179
2628,1/31/1968,172.5
2629,2/29/1968,158.5
2630,3/31/1968,130.5
2631,4/30/1968,115
2632,5/31/1968,180
2633,6/30/1968,156.2
2634,7/31/1968,136.2
2635,8/31/1968,154.8
2636,9/30/1968,166
2637,10/31/1968,152.5
2638,11/30/1968,121.7
2639,12/31/1968,155.5
2640,1/31/1969,147.8
2641,2/28/1969,170.5
2642,3/31/1969,192.3
2643,4/30/1969,151.1
2644,5/31/1969,169.9
2645,6/30/1969,150.1
2646,7/31/1969,137.1
2647,8/31/1969,138.8
2648,9/30/1969,129.3
2649,10/31/1969,135.4
2650,11/30/1969,132.4
2651,12/31/1969,138.6
2652,1/31/1970,157.9
2653,2/28/1970,180.8
2654,3/31/1970,145.7
2655,4/30/1970,155.1
2656,5/31/1970,180.5
2657,6/30/1970,151.3
2658,7/31/1970,159.3
2659,8/31/1970,131.7
2660,9/30/1970,140.8
2661,10/31/1970,122.6
2662,11/30/1970,134.8
2663,12/31/1970,118.2
2664,1/31/1971,129.2
2665,2/28/1971,111.8
2666,3/31/1971,85.9
2667,4/30/1971,101.6
2668,5/31/1971,81.5
2669,6/30/1971,70.7
2670,7/31/1971,114.7
2671,8/31/1971,87
2672,9/30/1971,71.3
2673,10/31/1971,73.4
2674,11/30/1971,89.5
2675,12/31/1971,116.5
2676,1/31/1972,87
2677,2/29/1972,125.3
2678,3/31/1972,113.5
2679,4/30/1972,89.6
2680,5/31/1972,113.9
2681,6/30/1972,124.7
2682,7/31/1972,108.3
2683,8/31/1972,108.9
2684,9/30/1972,90.7
2685,10/31/1972,86.9
2686,11/30/1972,59.2
2687,12/31/1972,64.3
2688,1/31/1973,61.8
2689,2/28/1973,60.9
2690,3/31/1973,65.4
2691,4/30/1973,81.8
2692,5/31/1973,60.3
2693,6/30/1973,56.1
2694,7/31/1973,33.2
2695,8/31/1973,36.6
2696,9/30/1973,84.1
2697,10/31/1973,43.7
2698,11/30/1973,34.3
2699,12/31/1973,33.3
2700,1/31/1974,39.4
2701,2/28/1974,37.3
2702,3/31/1974,30.9
2703,4/30/1974,57.5
2704,5/31/1974,56.3
2705,6/30/1974,51.5
2706,7/31/1974,79.1
2707,8/31/1974,47.9
2708,9/30/1974,57.2
2709,10/31/1974,67.2
2710,11/30/1974,35.9
2711,12/31/1974,29.6
2712,1/31/1975,27.3
2713,2/28/1975,16.7
2714,3/31/1975,16.9
2715,4/30/1975,7.7
2716,5/31/1975,13.1
2717,6/30/1975,16.7
2718,7/31/1975,40.4
2719,8/31/1975,56.7
2720,9/30/1975,20.3
2721,10/31/1975,13.6
2722,11/30/1975,27.9
2723,12/31/1975,11.6
2724,1/31/1976,11.9
2725,2/29/1976,6.4
2726,3/31/1976,31.5
2727,4/30/1976,27.3
2728,5/31/1976,18.2
2729,6/30/1976,17.9
2730,7/31/1976,2.9
2731,8/31/1976,24.1
2732,9/30/1976,20
2733,10/31/1976,29.7
2734,11/30/1976,7.9
2735,12/31/1976,22.3
2736,1/31/1977,23.8
2737,2/28/1977,33.3
2738,3/31/1977,13
2739,4/30/1977,19
2740,5/31/1977,27
2741,6/30/1977,54.9
2742,7/31/1977,30.6
2743,8/31/1977,43
2744,9/30/1977,62.4
2745,10/31/1977,62.1
2746,11/30/1977,41.6
2747,12/31/1977,61.4
2748,1/31/1978,73.7
2749,2/28/1978,132.6
2750,3/31/1978,108.4
2751,4/30/1978,141.2
2752,5/31/1978,117.1
2753,6/30/1978,134.6
2754,7/31/1978,99.7
2755,8/31/1978,82.4
2756,9/30/1978,195.7
2757,10/31/1978,177.1
2758,11/30/1978,138.5
2759,12/31/1978,173.9
2760,1/31/1979,235.9
2761,2/28/1979,194.7
2762,3/31/1979,195.3
2763,4/30/1979,143.7
2764,5/31/1979,190.3
2765,6/30/1979,211.7
2766,7/31/1979,225.7
2767,8/31/1979,201.4
2768,9/30/1979,266.9
2769,10/31/1979,263.6
2770,11/30/1979,259.5
2771,12/31/1979,249.6
2772,1/31/1980,226.1
2773,2/29/1980,219.4
2774,3/31/1980,178.7
2775,4/30/1980,232.2
2776,5/31/1980,254.7
2777,6/30/1980,222.7
2778,7/31/1980,192.9
2779,8/31/1980,191.7
2780,9/30/1980,219.6
2781,10/31/1980,233.3
2782,11/30/1980,209.5
2783,12/31/1980,246.9
2784,1/31/1981,156.6
2785,2/28/1981,189.9
2786,3/31/1981,196.6
2787,4/30/1981,225.3
2788,5/31/1981,194.7
2789,6/30/1981,131.6
2790,7/31/1981,205.3
2791,8/31/1981,242.5
2792,9/30/1981,245.3
2793,10/31/1981,216.2
2794,11/30/1981,186
2795,12/31/1981,195.4
2796,1/31/1982,149.8
2797,2/28/1982,230.9
2798,3/31/1982,221.1
2799,4/30/1982,170.3
2800,5/31/1982,119.3
2801,6/30/1982,163.7
2802,7/31/1982,139.4
2803,8/31/1982,161.9
2804,9/30/1982,167.4
2805,10/31/1982,134.3
2806,11/30/1982,127.5
2807,12/31/1982,169
2808,1/31/1983,115.5
2809,2/28/1983,73.1
2810,3/31/1983,88.7
2811,4/30/1983,109.6
2812,5/31/1983,132.5
2813,6/30/1983,131.5
2814,7/31/1983,108.9
2815,8/31/1983,96
2816,9/30/1983,69.9
2817,10/31/1983,72.5
2818,11/30/1983,45.7
2819,12/31/1983,45.6
2820,1/31/1984,74.8
2821,2/29/1984,110.2
2822,3/31/1984,116.7
2823,4/30/1984,90.4
2824,5/31/1984,96.9
2825,6/30/1984,65.1
2826,7/31/1984,55.7
2827,8/31/1984,35
2828,9/30/1984,22.6
2829,10/31/1984,12.6
2830,11/30/1984,26.5
2831,12/31/1984,21.4
2832,1/31/1985,17.8
2833,2/28/1985,20.7
2834,3/31/1985,16.9
2835,4/30/1985,20.4
2836,5/31/1985,32.4
2837,6/30/1985,28.3
2838,7/31/1985,39.9
2839,8/31/1985,10.1
2840,9/30/1985,4.3
2841,10/31/1985,22
2842,11/30/1985,17.9
2843,12/31/1985,15.8
2844,1/31/1986,2.8
2845,2/28/1986,27.9
2846,3/31/1986,13.8
2847,4/30/1986,22.4
2848,5/31/1986,16.1
2849,6/30/1986,0.6
2850,7/31/1986,18.1
2851,8/31/1986,9.9
2852,9/30/1986,5.1
2853,10/31/1986,40.1
2854,11/30/1986,15.4
2855,12/31/1986,5.8
2856,1/31/1987,9.8
2857,2/28/1987,3.4
2858,3/31/1987,17.4
2859,4/30/1987,46
2860,5/31/1987,39.1
2861,6/30/1987,18.8
2862,7/31/1987,38.2
2863,8/31/1987,47.9
2864,9/30/1987,42.2
2865,10/31/1987,63.4
2866,11/30/1987,48.8
2867,12/31/1987,29.1
2868,1/31/1988,70.5
2869,2/29/1988,45.4
2870,3/31/1988,91.2
2871,4/30/1988,108.8
2872,5/31/1988,74.2
2873,6/30/1988,124.3
2874,7/31/1988,131.4
2875,8/31/1988,139.4
2876,9/30/1988,142.7
2877,10/31/1988,156.5
2878,11/30/1988,156.8
2879,12/31/1988,231.2
2880,1/31/1989,210.1
2881,2/28/1989,208.7
2882,3/31/1989,170.4
2883,4/30/1989,166.3
2884,5/31/1989,195.4
2885,6/30/1989,284.5
2886,7/31/1989,180.5
2887,8/31/1989,232
2888,9/30/1989,225.1
2889,10/31/1989,212.2
2890,11/30/1989,238.2
2891,12/31/1989,211.4
2892,1/31/1990,227.4
2893,2/28/1990,171.8
2894,3/31/1990,191.7
2895,4/30/1990,189.7
2896,5/31/1990,175.2
2897,6/30/1990,153.3
2898,7/31/1990,191.1
2899,8/31/1990,252.1
2900,9/30/1990,169.1
2901,10/31/1990,199.4
2902,11/30/1990,178.8
2903,12/31/1990,197.1
2904,1/31/1991,195.3
2905,2/28/1991,240.3
2906,3/31/1991,197
2907,4/30/1991,197.6
2908,5/31/1991,166.9
2909,6/30/1991,224.7
2910,7/31/1991,240.2
2911,8/31/1991,240.8
2912,9/30/1991,168.9
2913,10/31/1991,197.1
2914,11/30/1991,159.5
2915,12/31/1991,212.6
2916,1/31/1992,198.3
2917,2/29/1992,230.7
2918,3/31/1992,151
2919,4/30/1992,142.2
2920,5/31/1992,94.3
2921,6/30/1992,98.5
2922,7/31/1992,114.2
2923,8/31/1992,91.9
2924,9/30/1992,94
2925,10/31/1992,133.4
2926,11/30/1992,129.6
2927,12/31/1992,122
2928,1/31/1993,81.4
2929,2/28/1993,127.8
2930,3/31/1993,102.4
2931,4/30/1993,94.4
2932,5/31/1993,78.8
2933,6/30/1993,69.6
2934,7/31/1993,80.4
2935,8/31/1993,62.5
2936,9/30/1993,31.2
2937,10/31/1993,71.1
2938,11/30/1993,48.2
2939,12/31/1993,68.4
2940,1/31/1994,84.9
2941,2/28/1994,54.9
2942,3/31/1994,47.5
2943,4/30/1994,27.4
2944,5/31/1994,29.8
2945,6/30/1994,39.7
2946,7/31/1994,50.6
2947,8/31/1994,34.3
2948,9/30/1994,40.5
2949,10/31/1994,67.1
2950,11/30/1994,29.5
2951,12/31/1994,32.2
2952,1/31/1995,32.6
2953,2/28/1995,45.8
2954,3/31/1995,46.3
2955,4/30/1995,21.6
2956,5/31/1995,19.4
2957,6/30/1995,22.5
2958,7/31/1995,20.4
2959,8/31/1995,18.2
2960,9/30/1995,15.7
2961,10/31/1995,30.6
2962,11/30/1995,14
2963,12/31/1995,14.9
2964,1/31/1996,13.3
2965,2/29/1996,7.7
2966,3/31/1996,12.6
2967,4/30/1996,6.8
2968,5/31/1996,7.6
2969,6/30/1996,16.5
2970,7/31/1996,11.8
2971,8/31/1996,19.7
2972,9/30/1996,3
2973,10/31/1996,0.7
2974,11/30/1996,24.9
2975,12/31/1996,14
2976,1/31/1997,7.4
2977,2/28/1997,11
2978,3/31/1997,12.1
2979,4/30/1997,23
2980,5/31/1997,25.4
2981,6/30/1997,20.8
2982,7/31/1997,12.9
2983,8/31/1997,35.7
2984,9/30/1997,59.7
2985,10/31/1997,32.8
2986,11/30/1997,50.4
2987,12/31/1997,55.5
2988,1/31/1998,44.5
2989,2/28/1998,50.2
2990,3/31/1998,82
2991,4/30/1998,70.6
2992,5/31/1998,74
2993,6/30/1998,90.5
2994,7/31/1998,96.7
2995,8/31/1998,121.1
2996,9/30/1998,132
2997,10/31/1998,78.5
2998,11/30/1998,97.3
2999,12/31/1998,119.2
3000,1/31/1999,86
3001,2/28/1999,98
3002,3/31/1999,103.5
3003,4/30/1999,93.6
3004,5/31/1999,149.6
3005,6/30/1999,207.2
3006,7/31/1999,173.5
3007,8/31/1999,142.3
3008,9/30/1999,106.3
3009,10/31/1999,168.7
3010,11/30/1999,188.3
3011,12/31/1999,116.8
3012,1/31/2000,133.1
3013,2/29/2000,165.7
3014,3/31/2000,217.7
3015,4/30/2000,191.5
3016,5/31/2000,165.9
3017,6/30/2000,188
3018,7/31/2000,244.3
3019,8/31/2000,180.5
3020,9/30/2000,156
3021,10/31/2000,141.6
3022,11/30/2000,158.1
3023,12/31/2000,143.3
3024,1/31/2001,142.6
3025,2/28/2001,121.5
3026,3/31/2001,165.8
3027,4/30/2001,161.7
3028,5/31/2001,142.1
3029,6/30/2001,202.9
3030,7/31/2001,123
3031,8/31/2001,161.5
3032,9/30/2001,238.2
3033,10/31/2001,194.1
3034,11/30/2001,176.6
3035,12/31/2001,213.4
3036,1/31/2002,184.6
3037,2/28/2002,170.2
3038,3/31/2002,147.1
3039,4/30/2002,186.9
3040,5/31/2002,187.5
3041,6/30/2002,128.8
3042,7/31/2002,161
3043,8/31/2002,175.6
3044,9/30/2002,187.9
3045,10/31/2002,151.2
3046,11/30/2002,147.2
3047,12/31/2002,135.3
3048,1/31/2003,133.5
3049,2/28/2003,75.7
3050,3/31/2003,100.7
3051,4/30/2003,97.9
3052,5/31/2003,86.8
3053,6/30/2003,118.7
3054,7/31/2003,128.3
3055,8/31/2003,115.4
3056,9/30/2003,78.5
3057,10/31/2003,97.8
3058,11/30/2003,82.9
3059,12/31/2003,72.2
3060,1/31/2004,60.6
3061,2/29/2004,74.6
3062,3/31/2004,74.8
3063,4/30/2004,59.2
3064,5/31/2004,72.8
3065,6/30/2004,66.5
3066,7/31/2004,83.8
3067,8/31/2004,69.7
3068,9/30/2004,48.8
3069,10/31/2004,74.2
3070,11/30/2004,70.1
3071,12/31/2004,28.9
3072,1/31/2005,48.1
3073,2/28/2005,43.5
3074,3/31/2005,39.6
3075,4/30/2005,38.7
3076,5/31/2005,61.9
3077,6/30/2005,56.8
3078,7/31/2005,62.4
3079,8/31/2005,60.5
3080,9/30/2005,37.2
3081,10/31/2005,13.2
3082,11/30/2005,27.5
3083,12/31/2005,59.3
3084,1/31/2006,20.9
3085,2/28/2006,5.7
3086,3/31/2006,17.3
3087,4/30/2006,50.3
3088,5/31/2006,37.2
3089,6/30/2006,24.5
3090,7/31/2006,22.2
3091,8/31/2006,20.8
3092,9/30/2006,23.7
3093,10/31/2006,14.9
3094,11/30/2006,35.7
3095,12/31/2006,22.3
3096,1/31/2007,29.3
3097,2/28/2007,18.4
3098,3/31/2007,7.2
3099,4/30/2007,5.4
3100,5/31/2007,19.5
3101,6/30/2007,21.3
3102,7/31/2007,15.1
3103,8/31/2007,9.8
3104,9/30/2007,4
3105,10/31/2007,1.5
3106,11/30/2007,2.8
3107,12/31/2007,17.3
3108,1/31/2008,4.1
3109,2/29/2008,2.9
3110,3/31/2008,15.5
3111,4/30/2008,3.6
3112,5/31/2008,4.6
3113,6/30/2008,5.2
3114,7/31/2008,0.6
3115,8/31/2008,0.3
3116,9/30/2008,1.2
3117,10/31/2008,4.2
3118,11/30/2008,6.6
3119,12/31/2008,1
3120,1/31/2009,1.3
3121,2/28/2009,1.2
3122,3/31/2009,0.6
3123,4/30/2009,1.2
3124,5/31/2009,2.9
3125,6/30/2009,6.3
3126,7/31/2009,5.5
3127,8/31/2009,0
3128,9/30/2009,7.1
3129,10/31/2009,7.7
3130,11/30/2009,6.9
3131,12/31/2009,16.3
3132,1/31/2010,19.5
3133,2/28/2010,28.5
3134,3/31/2010,24
3135,4/30/2010,10.4
3136,5/31/2010,13.9
3137,6/30/2010,18.8
3138,7/31/2010,25.2
3139,8/31/2010,29.6
3140,9/30/2010,36.4
3141,10/31/2010,33.6
3142,11/30/2010,34.4
3143,12/31/2010,24.5
3144,1/31/2011,27.3
3145,2/28/2011,48.3
3146,3/31/2011,78.6
3147,4/30/2011,76.1
3148,5/31/2011,58.2
3149,6/30/2011,56.1
3150,7/31/2011,64.5
3151,8/31/2011,65.8
3152,9/30/2011,120.1
3153,10/31/2011,125.7
3154,11/30/2011,139.1
3155,12/31/2011,109.3
3156,1/31/2012,94.4
3157,2/29/2012,47.8
3158,3/31/2012,86.6
3159,4/30/2012,85.9
3160,5/31/2012,96.5
3161,6/30/2012,92
3162,7/31/2012,100.1
3163,8/31/2012,94.8
3164,9/30/2012,93.7
3165,10/31/2012,76.5
3166,11/30/2012,87.6
3167,12/31/2012,56.8
3168,1/31/2013,96.1
3169,2/28/2013,60.9
3170,3/31/2013,78.3
3171,4/30/2013,107.3
3172,5/31/2013,120.2
3173,6/30/2013,76.7
3174,7/31/2013,86.2
3175,8/31/2013,91.8
3176,9/30/2013,54.5
3177,10/31/2013,114.4
3178,11/30/2013,113.9
3179,12/31/2013,124.2
3180,1/31/2014,117
3181,2/28/2014,146.1
3182,3/31/2014,128.7
3183,4/30/2014,112.5
3184,5/31/2014,112.5
3185,6/30/2014,102.9
3186,7/31/2014,100.2
3187,8/31/2014,106.9
3188,9/30/2014,130
3189,10/31/2014,90
3190,11/30/2014,103.6
3191,12/31/2014,112.9
3192,1/31/2015,93
3193,2/28/2015,66.7
3194,3/31/2015,54.5
3195,4/30/2015,75.3
3196,5/31/2015,88.8
3197,6/30/2015,66.5
3198,7/31/2015,65.8
3199,8/31/2015,64.4
3200,9/30/2015,78.6
3201,10/31/2015,63.6
3202,11/30/2015,62.2
3203,12/31/2015,58
3204,1/31/2016,57
3205,2/29/2016,56.4
3206,3/31/2016,54.1
3207,4/30/2016,37.9
3208,5/31/2016,51.5
3209,6/30/2016,20.5
3210,7/31/2016,32.4
3211,8/31/2016,50.2
3212,9/30/2016,44.6
3213,10/31/2016,33.4
3214,11/30/2016,21.4
3215,12/31/2016,18.5
3216,1/31/2017,26.1
3217,2/28/2017,26.4
3218,3/31/2017,17.7
3219,4/30/2017,32.3
3220,5/31/2017,18.9
3221,6/30/2017,19.2
3222,7/31/2017,17.8
3223,8/31/2017,32.6
3224,9/30/2017,43.7
3225,10/31/2017,13.2
3226,11/30/2017,5.7
3227,12/31/2017,8.2
3228,1/31/2018,6.8
3229,2/28/2018,10.7
3230,3/31/2018,2.5
3231,4/30/2018,8.9
3232,5/31/2018,13.2
3233,6/30/2018,15.9
3234,7/31/2018,1.6
